HRS1,marital,childs,age,educ,sex,born,income,region,partyid,polviews,attend,pray
60,3,0,53,16,1,1,12,1,5,6,0,6
40,1,0,26,16,2,1,12,1,5,5,7,2
60,1,1,56,17,2,1,12,1,6,5,1,3
55,1,3,30,15,2,1,12,2,3,3,3,5
37,1,2,40,11,2,1,11,2,1,3,0,5
55,5,0,46,13,1,1,12,1,3,4,0,6
50,1,2,51,14,1,2,12,1,4,3,5,2
38,3,2,39,8,2,2,7,1,1,4,8,2
38,3,2,30,14,2,2,11,1,3,4,7,1
40,5,2,38,15,2,2,12,2,0,2,4,2
40,4,2,35,13,1,1,11,2,3,4,2,4
40,1,6,57,16,1,1,12,2,5,6,8,1
40,1,2,50,15,1,1,12,2,2,3,2,3
40,3,1,54,16,1,1,12,2,2,1,0,6
40,3,3,61,16,2,1,12,2,2,5,6,2
40,1,2,53,12,1,2,12,2,1,4,7,3
40,5,2,38,11,2,2,12,2,3,3,8,1
39,3,0,31,14,1,1,12,2,4,4,0,6
50,1,1,35,16,1,1,12,2,1,2,4,5
60,4,1,50,16,2,1,12,2,6,2,7,1
40,5,2,43,12,2,1,12,2,0,2,2,1
45,5,0,30,15,1,1,12,2,5,6,0,6
40,1,4,59,11,1,2,12,2,1,4,2,5
40,1,0,32,15,2,2,12,2,1,4,0,6
40,1,2,32,14,1,2,12,2,1,3,5,4
40,1,3,52,18,2,2,12,2,3,3,0,6
40,1,1,42,16,1,1,12,2,0,1,2,6
60,1,0,29,14,1,2,12,2,0,2,1,6
40,1,1,51,18,1,2,12,2,5,5,1,6
40,5,0,44,18,2,2,12,2,1,3,1,6
30,5,0,56,18,2,2,12,2,6,6,5,1
36,5,0,32,16,2,1,11,2,2,2,1,5
40,5,0,47,16,2,2,12,2,2,4,4,1
55,1,0,34,20,1,2,12,2,3,5,3,2
35,1,2,69,16,1,1,12,2,0,2,0,6
50,1,0,65,16,2,1,12,2,5,7,3,6
70,3,3,57,18,1,1,12,2,3,6,3,2
50,5,0,24,16,1,1,12,2,5,5,2,6
40,5,0,32,12,1,1,12,2,6,4,0,6
45,1,2,51,16,2,1,12,2,3,5,2,5
60,1,1,39,20,2,1,12,2,0,2,2,6
60,1,2,54,16,1,1,12,2,1,4,2,5
65,3,1,58,16,2,1,12,2,0,3,3,2
45,1,3,51,11,1,1,9,2,2,1,0,4
37,1,2,41,16,1,2,12,2,1,4,4,1
65,5,2,25,12,1,1,12,2,0,4,3,5
45,5,1,45,15,1,1,12,2,5,4,7,2
40,5,2,37,12,2,2,12,2,2,6,8,1
56,5,3,43,13,2,1,12,2,0,1,7,1
55,5,0,32,18,1,2,12,2,2,2,0,6
36,2,3,65,12,2,2,12,2,0,6,7,1
38,1,0,32,16,2,1,12,2,2,4,0,4
50,1,1,41,16,1,1,12,2,3,4,0,6
40,1,2,42,20,1,1,12,2,4,5,0,6
50,5,0,23,16,1,2,12,2,3,3,7,2
40,5,0,26,12,1,2,11,2,3,4,0,5
50,1,0,29,12,2,1,12,2,3,6,7,1
50,5,1,28,12,1,1,12,2,2,4,0,6
50,5,0,35,18,2,1,12,2,2,4,7,1
40,5,0,30,16,1,1,12,2,0,2,0,6
40,5,0,58,16,2,1,12,2,2,2,0,2
40,5,0,32,14,1,1,12,2,1,4,0,5
60,1,0,38,20,1,2,12,2,5,4,0,3
37,4,1,47,13,1,1,12,2,0,2,3,2
40,1,4,53,16,1,2,12,2,2,5,2,3
57,5,0,30,20,2,1,12,2,1,3,2,5
30,1,2,61,20,1,1,12,2,6,7,5,3
40,1,1,41,20,1,1,12,2,1,4,3,2
40,1,2,57,16,2,2,12,2,3,5,0,6
37,5,0,29,14,2,1,12,2,5,6,0,6
60,1,2,40,20,1,1,12,2,6,6,0,6
40,5,0,21,14,1,1,12,2,3,4,1,6
40,1,6,55,12,1,1,12,2,3,5,5,2
89,4,2,37,12,1,1,12,2,7,3,3,5
36,5,0,37,16,2,1,12,2,2,4,5,1
60,1,5,54,14,1,1,12,2,3,4,0,2
60,1,1,48,14,1,1,12,2,4,4,3,6
40,1,6,51,6,1,2,12,2,1,5,7,2
60,1,2,54,10,1,1,12,2,0,2,0,2
40,5,0,45,14,2,1,12,1,3,2,0,6
48,5,0,23,14,1,1,12,1,2,3,2,5
40,3,1,63,13,2,1,12,1,0,6,7,2
40,5,0,45,20,2,1,12,9,0,2,0,3
50,1,0,55,14,1,1,12,9,5,6,0,6
40,3,0,71,16,2,1,12,9,5,5,0,1
60,5,0,37,14,1,1,12,9,2,2,0,6
48,5,1,46,12,1,1,12,9,2,2,0,3
40,3,2,62,12,1,2,12,9,1,4,1,2
40,3,4,48,16,1,1,12,9,2,3,4,1
40,5,0,31,14,1,1,12,9,4,4,3,3
40,5,0,37,16,1,1,12,9,0,3,7,1
40,5,1,36,13,2,1,12,9,0,2,3,3
45,1,2,46,16,1,1,12,9,2,3,7,1
40,1,4,50,9,1,2,12,9,3,5,4,2
32,4,3,34,11,2,1,12,9,2,2,3,5
50,1,2,35,6,1,2,12,9,1,5,2,3
40,1,4,35,11,2,2,12,9,0,4,4,2
65,1,2,46,16,1,1,12,9,2,4,0,6
40,4,0,41,14,2,1,12,9,0,3,2,5
37,1,0,56,16,1,1,12,9,4,4,3,3
40,5,0,24,16,2,1,12,9,1,3,0,3
45,1,0,69,14,1,1,12,9,0,3,3,5
40,1,1,41,16,2,1,12,9,1,2,5,2
40,5,0,30,16,2,1,12,9,2,2,1,5
40,5,0,19,12,1,1,12,9,3,4,2,6
60,5,1,51,18,2,1,12,9,1,4,1,5
1,1,2,61,19,2,1,12,9,5,4,0,3
44,1,3,45,13,2,2,12,9,1,4,7,2
40,1,3,58,2,1,2,12,9,1,4,2,6
50,1,2,58,16,2,2,12,9,6,5,2,4
48,1,3,72,16,1,1,12,9,4,6,0,3
50,3,1,45,12,2,1,12,9,4,4,2,3
40,1,0,58,13,1,1,12,9,3,4,0,4
60,3,1,43,14,1,1,12,9,3,3,2,5
40,1,4,25,10,2,1,11,9,3,3,7,1
40,1,3,46,18,2,1,12,9,6,5,4,2
40,1,2,43,18,1,1,12,9,4,4,1,5
40,3,2,48,12,1,1,12,9,0,4,3,5
40,5,2,48,12,2,1,12,9,1,4,1,2
40,3,5,50,14,2,1,12,9,0,4,5,1
45,1,0,30,13,1,2,12,9,3,2,0,6
50,1,2,32,19,1,1,12,9,1,4,2,2
30,4,2,26,12,2,2,12,9,2,4,0,6
48,1,1,38,20,1,1,12,9,7,5,0,6
40,1,3,39,10,2,2,12,9,3,5,4,1
65,5,1,31,10,1,1,12,3,4,4,0,3
42,1,1,31,15,2,1,12,3,3,3,0,4
35,5,0,26,12,1,1,12,3,2,2,2,3
60,1,2,60,16,1,1,12,3,0,2,5,3
40,5,0,43,16,2,1,12,3,3,5,3,6
40,3,0,65,16,1,1,12,3,0,2,2,6
40,3,0,34,19,2,2,12,3,1,4,3,2
47,1,0,30,20,2,1,12,3,3,3,3,3
54,3,3,46,12,2,1,12,3,0,4,2,1
40,5,0,25,12,1,1,7,3,3,2,0,5
40,5,4,31,10,2,2,9,3,4,7,7,1
40,1,3,33,12,1,2,12,3,2,4,0,2
40,1,0,58,16,1,1,12,3,2,4,3,2
32,1,1,54,14,2,2,12,3,3,4,3,2
51,1,4,66,15,1,2,12,3,1,3,5,1
40,5,0,53,12,2,1,12,3,1,4,2,2
40,1,2,41,16,1,2,12,3,1,4,4,1
48,5,1,23,13,2,1,9,3,5,2,1,6
40,5,0,39,18,2,2,3,3,2,3,2,2
60,1,3,50,18,1,1,12,3,1,2,0,6
40,1,1,45,17,2,1,12,3,7,4,1,6
70,3,4,47,8,1,1,12,3,5,5,3,6
70,1,2,36,12,1,1,12,3,5,6,6,2
60,1,3,38,15,1,1,12,3,5,4,2,5
38,1,3,53,13,2,1,12,3,7,3,0,1
50,1,0,29,18,1,1,12,3,2,4,1,5
48,5,4,35,11,2,1,5,3,1,4,0,3
50,3,1,40,12,1,1,12,3,0,3,1,6
27,1,0,32,17,2,1,12,5,1,1,0,1
40,5,0,30,16,2,1,12,5,6,6,7,3
40,5,0,30,16,2,1,12,5,4,5,1,5
60,1,3,49,16,1,1,12,5,5,6,7,1
38,1,1,58,15,2,1,12,5,0,4,0,1
35,5,0,24,16,2,1,12,5,3,4,7,2
50,1,5,49,16,2,1,12,5,5,4,5,3
40,1,2,67,20,1,2,12,5,0,4,1,2
89,1,3,65,15,1,1,12,5,0,5,1,5
50,1,0,52,12,1,1,12,5,6,6,5,1
50,1,3,60,13,1,1,12,5,2,2,0,6
50,1,4,49,16,1,1,12,5,5,5,8,1
40,1,1,36,18,2,1,12,5,5,4,3,2
50,5,0,19,10,1,1,12,5,2,4,2,5
80,1,2,33,12,1,2,12,5,3,2,8,2
49,5,1,38,15,2,2,12,5,1,4,3,2
50,3,3,55,12,1,1,12,5,0,2,2,1
40,5,0,22,14,2,1,12,5,1,2,6,2
40,5,0,27,15,1,2,12,5,3,4,0,6
60,3,2,36,20,2,1,12,5,2,4,7,2
40,5,0,64,16,2,1,12,5,1,2,2,2
60,3,3,58,12,1,1,12,5,4,6,5,2
42,1,4,52,14,2,1,12,5,2,7,7,2
45,1,2,70,16,1,1,12,5,0,1,1,6
40,5,0,63,20,1,1,12,5,5,3,1,5
50,1,1,31,16,2,1,12,5,7,5,7,2
40,1,1,60,20,2,1,12,5,2,4,7,2
1,1,0,34,16,2,1,12,5,0,3,7,2
50,1,1,35,19,1,2,12,5,2,3,6,4
37,5,3,72,13,2,1,12,5,0,6,7,1
40,3,1,38,17,2,1,12,5,1,5,4,2
60,5,0,40,16,2,1,12,5,1,4,2,2
45,1,0,35,17,2,2,12,5,1,3,7,1
40,2,1,62,13,2,1,12,5,0,4,8,2
40,5,0,32,13,1,1,12,5,1,4,7,1
40,5,2,44,20,1,1,12,5,7,3,0,6
40,1,1,57,20,2,2,12,5,1,3,2,6
42,1,0,39,15,1,1,12,5,4,5,6,2
40,1,7,52,15,1,2,12,5,2,4,7,2
45,5,0,25,16,1,2,12,5,1,4,6,3
66,1,0,41,11,1,1,12,5,4,4,3,2
60,1,0,56,18,1,1,12,5,5,6,1,1
60,1,1,45,12,1,1,12,5,5,4,1,1
60,5,0,25,16,2,1,12,1,1,2,0,6
15,5,0,24,16,1,1,12,1,0,3,1,6
45,1,0,36,20,1,1,12,1,1,4,0,6
40,5,0,65,12,1,1,12,1,2,2,3,3
50,5,0,44,17,1,1,12,1,4,5,3,6
60,1,2,65,17,1,1,12,1,1,2,8,1
40,1,0,60,20,2,1,12,1,0,2,2,5
40,1,1,50,16,1,1,12,1,2,2,3,6
45,1,0,32,20,1,1,12,1,1,1,3,4
50,1,0,28,16,1,1,12,1,2,3,2,6
40,1,2,45,18,2,1,12,1,4,4,4,2
40,1,0,60,12,1,2,9,1,0,2,4,3
42,5,0,28,16,1,1,12,1,2,4,0,6
47,5,0,24,17,2,1,12,1,2,4,2,5
48,3,1,40,14,2,1,12,1,4,4,1,3
40,1,2,55,16,2,1,12,1,3,4,7,3
40,3,3,52,16,2,1,12,1,1,3,0,5
40,1,4,63,13,1,1,12,1,1,6,0,5
50,1,2,38,17,1,1,12,1,2,5,5,5
62,5,3,31,12,1,1,12,1,3,5,0,6
60,1,2,60,16,2,1,12,1,2,3,2,2
50,3,3,59,16,1,1,12,1,1,4,5,2
24,1,2,54,18,2,1,12,1,2,3,5,1
50,1,2,38,16,1,2,12,9,2,2,2,6
30,1,2,47,18,2,1,12,9,1,3,0,5
55,5,0,25,16,1,1,12,9,0,2,3,3
32,1,0,57,18,2,1,12,9,1,2,2,4
40,5,2,66,12,1,1,12,9,0,1,2,4
50,1,2,50,17,2,2,12,9,3,4,1,6
40,1,2,65,13,2,2,12,9,3,4,5,2
40,3,1,65,18,1,1,12,9,4,6,0,6
50,1,2,54,16,1,1,12,9,2,3,0,6
50,3,1,66,18,1,1,12,9,2,3,0,5
40,1,3,36,9,1,2,12,9,3,4,7,2
40,3,2,37,15,2,1,12,9,3,4,1,2
45,5,1,34,13,2,1,12,9,0,1,1,1
35,5,0,69,16,2,1,12,9,7,5,0,2
50,1,3,32,13,1,1,12,9,2,2,1,5
40,5,3,31,9,1,2,11,9,3,4,1,5
50,1,0,56,16,2,2,12,9,4,4,7,1
37,5,1,37,16,2,1,12,9,1,1,0,3
42,5,0,45,14,2,1,12,9,0,5,7,2
40,1,2,50,10,1,1,12,9,7,4,0,2
56,5,0,21,12,1,1,12,9,0,2,3,2
40,5,0,60,12,1,1,12,9,2,4,0,5
40,1,0,40,12,1,2,12,9,0,4,3,2
40,5,0,28,17,1,1,12,9,0,1,0,6
45,1,0,29,18,1,2,12,9,4,5,1,2
50,5,1,42,17,2,1,12,9,1,3,5,1
40,5,0,29,16,1,1,12,9,1,3,2,6
40,1,3,44,20,1,1,12,9,2,3,4,6
40,1,0,30,16,2,1,12,9,3,2,0,6
45,3,2,43,10,2,2,12,7,5,5,5,1
32,1,2,49,16,2,1,12,7,3,2,3,2
40,1,4,45,16,1,2,12,7,1,5,6,3
40,1,2,53,12,1,1,12,7,5,6,1,3
50,1,1,30,16,2,1,12,7,5,6,7,1
40,1,8,55,6,1,2,12,7,0,7,6,2
40,5,2,55,12,2,1,12,7,3,4,0,1
35,1,3,54,14,1,1,12,7,6,6,8,1
40,1,3,45,15,2,2,12,7,0,5,5,1
41,3,1,71,12,2,1,12,7,4,4,2,2
40,3,1,58,12,2,1,12,7,0,3,0,2
50,1,0,54,16,2,1,12,7,4,5,0,2
36,1,3,70,13,2,1,10,7,6,7,7,3
89,3,3,47,12,1,1,12,7,0,7,2,1
50,1,2,47,16,1,1,12,7,5,6,7,3
47,1,5,33,14,1,1,12,7,2,1,0,2
40,3,4,42,15,2,1,10,7,1,4,8,1
40,1,1,56,20,2,1,12,7,6,4,6,2
40,1,1,62,15,2,1,12,7,6,6,8,1
40,1,2,53,14,2,1,12,7,0,4,5,1
40,5,1,30,12,1,1,12,5,2,4,0,6
40,1,3,57,16,1,1,12,2,4,6,7,2
60,1,2,58,15,1,1,12,2,4,6,2,6
40,3,3,47,13,1,1,12,2,7,3,0,6
40,1,0,29,16,1,2,12,2,1,4,5,2
40,1,2,36,16,1,1,12,2,0,2,0,6
40,1,4,44,16,2,1,12,2,6,6,7,2
50,5,0,26,12,1,1,12,2,4,4,3,4
40,1,3,64,16,1,1,12,2,1,4,5,3
40,5,0,47,11,2,1,11,2,3,3,0,2
33,2,3,70,12,2,1,11,2,1,4,7,2
42,5,0,41,13,1,1,12,2,0,1,2,6
40,5,0,35,18,1,1,12,2,1,2,4,5
30,5,1,50,13,2,1,8,2,1,4,2,1
65,1,1,53,14,1,1,12,2,5,4,3,3
50,5,0,37,17,2,1,12,2,2,4,2,3
65,1,4,46,12,2,1,12,2,0,4,7,1
60,5,0,40,19,2,1,12,2,2,1,2,1
47,1,1,61,12,1,1,12,2,5,6,3,5
63,3,3,51,12,1,1,12,2,3,2,0,6
44,5,3,24,13,2,1,9,7,3,5,0,2
40,2,5,62,12,2,1,12,7,1,5,8,1
50,5,1,54,12,1,1,12,7,1,4,5,1
40,5,1,24,12,2,1,12,7,3,3,3,3
36,1,4,27,12,2,1,8,7,1,4,6,2
50,5,1,36,16,1,1,12,7,4,5,0,6
60,3,2,59,12,2,1,12,7,3,5,4,2
45,5,1,41,12,1,1,5,7,5,7,5,1
50,1,3,36,18,2,1,12,7,0,6,2,1
42,1,2,40,9,1,2,12,7,3,3,0,6
53,4,3,32,13,2,1,7,7,0,5,2,3
24,1,1,39,12,1,1,12,7,6,6,8,2
42,5,0,25,16,1,1,12,7,1,2,2,5
50,1,4,32,14,2,1,12,7,1,4,7,3
50,5,0,32,12,1,1,12,7,2,2,6,2
40,3,0,57,12,1,2,12,7,1,4,0,6
50,1,1,60,12,1,2,12,7,3,4,0,2
42,5,0,59,9,2,2,12,7,3,5,7,1
55,5,1,57,14,2,1,12,7,6,6,0,2
60,3,3,65,18,1,1,12,7,1,2,0,3
40,5,0,26,14,2,1,12,7,3,4,0,4
40,5,0,33,16,2,1,12,7,6,6,7,1
50,1,0,27,16,1,1,12,7,6,6,7,2
50,5,0,34,16,2,1,12,7,3,4,2,1
40,5,0,39,20,1,1,12,5,0,2,7,2
89,5,5,24,13,2,1,10,5,1,5,5,1
40,5,4,40,14,2,1,11,5,1,4,2,1
60,3,2,48,14,1,1,12,5,6,4,1,5
25,2,1,58,7,1,1,3,5,2,4,2,2
40,2,3,57,12,1,1,12,5,2,5,3,2
50,1,2,53,11,1,1,12,5,6,5,0,5
40,1,1,61,16,1,1,12,5,0,4,7,1
35,5,0,21,12,1,1,12,5,0,4,2,5
24,5,0,29,16,2,1,12,5,0,3,5,3
60,4,2,32,13,1,1,10,5,0,3,2,2
40,1,2,37,6,1,2,12,5,3,4,3,2
36,5,2,37,15,1,2,11,5,1,4,2,2
40,5,0,40,18,1,2,12,5,0,6,1,2
50,5,0,51,14,2,1,12,5,5,5,1,6
40,3,3,53,16,2,1,12,5,0,4,2,2
40,1,2,45,14,1,1,12,5,3,4,3,2
50,1,2,53,16,1,1,12,5,5,5,2,5
40,3,2,58,20,2,1,12,5,0,3,4,2
40,1,1,50,16,1,1,12,5,6,6,7,1
48,1,4,48,12,2,1,12,5,6,6,5,1
36,1,2,62,12,2,1,12,5,3,5,7,1
40,5,2,26,12,2,1,12,5,5,4,4,1
35,1,3,38,18,2,1,12,5,0,3,7,2
40,4,2,32,14,2,1,12,5,0,4,7,1
48,1,2,48,20,2,2,12,5,4,3,3,2
40,1,1,53,12,1,2,10,5,2,4,2,6
40,1,2,45,11,1,2,10,5,3,4,8,5
37,5,2,25,12,2,1,9,5,1,5,5,3
37,5,2,39,15,2,1,12,5,0,2,5,2
56,1,3,54,14,1,1,12,5,0,2,4,1
40,4,2,53,12,2,2,10,5,3,4,0,6
40,1,2,75,12,1,2,12,5,0,4,8,2
60,1,3,43,16,1,2,12,5,4,6,7,2
50,1,1,40,20,1,2,12,5,1,6,2,4
40,3,1,40,15,1,2,10,5,1,4,0,6
40,1,0,28,10,1,1,12,5,1,5,0,1
60,5,0,33,13,1,2,12,5,5,4,0,1
60,3,1,42,12,1,1,12,5,5,7,4,4
50,1,2,60,20,2,1,12,3,3,4,7,1
75,5,0,35,20,1,1,12,3,0,2,2,1
43,4,3,49,13,1,1,12,3,5,3,3,3
60,5,0,26,15,1,1,9,3,5,4,6,3
40,1,0,26,16,2,1,12,3,0,3,7,2
48,1,3,58,12,2,1,12,3,1,4,5,1
60,3,2,57,12,2,1,12,3,1,4,3,1
60,1,2,47,16,1,1,12,3,0,2,5,5
60,1,2,53,19,1,1,12,3,6,6,7,5
85,5,0,54,8,1,1,12,3,2,1,0,6
39,5,0,22,12,1,1,9,3,3,7,2,6
35,5,1,25,13,1,1,12,3,0,4,0,2
40,1,1,56,12,2,1,12,3,1,2,2,3
40,5,1,25,12,1,1,12,3,2,3,0,1
37,5,0,55,12,2,1,12,3,0,2,0,2
50,5,2,27,14,1,1,11,3,3,3,0,6
25,4,3,52,8,2,1,9,3,4,4,0,2
60,5,1,36,14,2,1,12,3,2,2,0,1
40,1,0,31,16,2,1,12,3,3,4,8,1
40,1,0,58,16,1,1,12,9,0,1,0,1
40,5,0,19,14,2,1,12,9,7,4,0,6
40,1,2,40,16,2,1,12,9,1,4,1,3
40,1,2,44,14,2,1,12,9,2,3,7,1
55,1,2,54,16,1,1,12,9,2,3,0,6
40,3,4,68,19,1,1,12,9,7,6,2,2
40,1,1,61,18,2,1,12,9,1,4,0,6
40,3,3,56,15,2,1,12,9,1,5,1,2
30,1,0,28,15,2,1,12,9,2,4,2,4
40,1,0,29,13,1,1,12,9,2,2,0,5
40,1,0,29,19,2,1,12,9,2,2,2,6
50,5,0,34,16,2,1,12,9,3,4,0,4
80,1,1,58,14,1,1,12,9,1,4,1,2
42,1,1,35,18,1,1,12,9,4,4,1,4
40,1,2,53,15,1,1,12,8,3,3,3,5
60,1,2,52,20,1,1,12,8,4,5,3,3
36,5,0,41,12,2,1,12,8,5,5,6,1
48,3,0,42,16,1,1,12,8,6,5,7,1
40,1,1,58,12,1,1,12,8,5,5,0,2
40,1,3,38,10,2,1,12,8,3,3,8,1
60,1,2,40,17,2,2,12,8,4,5,7,1
45,3,2,31,13,1,1,12,8,7,4,0,6
60,1,6,56,16,2,1,12,8,3,5,7,1
65,1,1,34,17,1,1,12,8,3,4,7,1
40,5,1,23,14,2,1,12,8,2,4,0,3
55,1,2,51,20,2,1,12,8,1,5,7,2
45,5,2,53,13,2,1,12,8,7,3,4,2
45,5,0,30,16,2,1,12,8,6,6,7,1
40,1,4,60,12,2,1,12,8,1,4,3,1
37,5,0,28,14,2,1,12,8,5,4,3,3
40,5,0,37,12,1,1,12,8,5,5,2,2
60,1,2,25,18,1,1,12,8,4,4,0,6
40,5,0,41,16,2,1,12,8,5,4,0,5
40,5,0,43,16,2,1,12,8,1,4,7,1
45,5,0,34,12,1,1,11,8,5,4,0,5
40,1,0,39,14,1,2,12,8,0,4,0,1
40,5,0,27,18,2,1,10,8,4,6,7,1
40,3,3,34,12,2,1,10,8,3,4,2,2
40,1,1,34,12,1,2,12,8,3,4,7,1
82,5,1,38,17,2,1,12,8,1,4,5,2
40,3,0,59,13,2,1,12,8,6,7,0,6
40,5,5,32,14,2,1,12,8,3,4,0,6
45,3,3,38,14,1,1,10,4,0,6,7,1
57,3,1,58,12,2,1,12,4,0,3,2,1
40,1,2,53,16,1,1,12,4,6,6,3,1
40,1,2,42,13,2,1,12,4,6,6,5,2
37,1,6,55,17,1,1,12,4,6,6,4,1
45,1,3,51,16,1,2,12,4,6,6,2,5
35,1,4,38,16,2,2,12,4,0,4,5,1
45,1,2,39,12,1,1,12,3,5,4,0,6
56,5,2,38,16,2,1,12,3,1,4,0,3
60,3,1,56,12,1,1,12,3,1,4,3,2
45,5,0,37,14,1,1,12,9,5,2,1,5
45,1,1,32,16,1,1,12,9,3,3,1,5
50,1,2,53,13,1,1,12,9,5,4,2,4
40,1,1,24,12,1,1,12,9,1,6,7,2
40,5,1,23,12,1,1,12,9,1,4,0,6
52,3,3,42,12,1,1,12,9,3,4,0,6
40,1,1,31,14,1,2,12,9,3,4,5,2
55,1,0,36,17,2,2,12,9,3,5,0,6
89,3,2,41,14,1,1,12,8,4,4,0,6
50,1,2,40,18,1,1,12,8,1,4,0,6
60,1,3,43,12,1,2,12,8,5,6,3,1
32,3,1,59,14,2,1,12,8,3,4,8,1
65,3,2,53,16,1,1,12,8,0,2,7,3
40,1,1,29,12,2,1,12,8,6,6,7,2
40,5,0,30,16,1,1,11,8,0,1,2,6
50,1,4,40,12,1,2,12,8,3,2,3,2
40,5,0,29,16,1,1,12,8,2,4,2,5
40,5,0,27,5,2,1,11,8,2,2,0,6
1,1,2,64,16,1,1,12,8,4,5,2,5
50,1,1,49,16,2,1,12,8,5,5,3,2
48,5,0,42,16,1,1,12,8,2,4,0,6
40,1,0,50,12,2,2,12,8,2,2,0,1
38,5,0,23,16,2,1,12,8,2,5,3,5
30,5,0,49,14,1,1,12,3,6,6,2,4
32,1,2,68,12,2,1,12,3,7,6,2,2
40,1,4,63,11,1,1,12,3,2,2,0,1
65,1,2,55,17,1,1,12,3,5,6,3,1
46,5,2,42,13,1,1,12,3,2,2,2,2
60,5,0,53,12,2,1,12,3,5,4,2,5
34,5,1,56,17,2,1,9,3,4,4,0,2
57,5,1,35,13,1,1,12,3,7,5,0,6
80,5,1,23,13,2,1,12,3,1,4,3,2
46,5,0,22,12,2,1,10,3,5,4,2,2
40,5,0,29,15,1,1,12,3,0,3,2,2
50,1,3,56,12,1,1,12,3,3,5,1,5
43,5,1,36,12,1,1,11,3,1,3,0,6
44,3,1,53,11,1,1,12,3,4,5,0,2
56,5,0,44,12,1,1,12,3,4,5,0,6
40,5,1,66,20,2,1,12,4,0,4,7,1
40,5,4,40,12,2,1,12,4,0,4,3,1
40,1,1,50,13,2,1,12,4,3,4,0,2
50,1,3,50,12,2,1,12,4,0,4,3,1
48,5,1,41,11,1,1,12,4,0,3,0,6
40,5,3,39,14,2,1,11,4,3,5,1,2
42,3,0,55,14,1,1,12,4,3,6,5,1
60,1,2,47,18,1,2,12,4,3,4,0,5
70,1,2,60,20,1,1,12,4,0,2,6,1
40,1,2,48,18,2,1,12,4,1,4,4,1
50,1,2,30,19,2,1,12,4,4,2,3,2
40,3,2,58,12,2,1,12,4,7,6,8,1
50,1,1,57,13,2,1,11,4,0,4,2,3
40,1,1,55,15,2,1,12,4,7,5,1,2
40,1,2,54,12,2,1,12,5,6,4,7,1
75,3,4,47,14,2,2,12,5,4,4,0,2
40,1,2,62,18,1,2,12,5,0,2,0,6
60,1,2,41,18,2,1,12,5,4,3,4,3
42,5,0,44,17,1,2,12,5,2,3,7,3
40,2,1,57,16,1,1,12,5,7,6,7,1
50,2,0,60,12,1,1,12,5,3,4,1,2
40,1,1,46,14,1,1,12,5,0,5,4,2
80,3,3,59,14,2,2,9,5,0,2,8,1
80,1,2,51,13,2,2,12,5,1,4,7,1
41,1,1,25,18,2,1,11,5,7,1,2,2
40,3,0,25,15,2,2,12,5,0,1,0,6
40,1,4,35,13,2,1,12,5,3,6,1,2
40,4,1,31,12,1,1,12,5,3,4,0,6
40,5,2,59,14,2,1,12,5,0,4,8,1
40,1,2,45,12,2,2,12,5,3,4,0,3
40,4,2,42,14,2,1,12,5,1,4,6,4
50,3,3,58,15,2,1,12,5,0,4,5,1
30,1,3,36,15,1,2,12,5,3,4,2,5
89,1,6,37,12,1,2,12,5,6,7,1,1
44,3,2,33,15,2,1,12,5,5,4,3,1
55,1,1,30,16,2,1,12,5,4,4,0,4
45,1,2,50,14,2,1,12,5,6,5,4,2
55,1,0,60,16,1,1,12,5,6,7,0,5
20,1,4,52,13,1,1,9,9,4,7,0,6
50,3,3,45,12,1,1,12,9,5,3,2,5
35,1,3,32,14,2,1,12,9,3,4,5,1
35,5,0,41,14,1,1,12,9,2,2,1,6
40,2,0,59,16,2,1,12,9,0,4,0,2
40,1,1,32,14,1,1,12,9,6,5,0,6
40,3,0,44,16,1,1,12,9,5,6,2,3
50,1,0,27,14,2,1,12,9,2,4,0,6
40,3,0,38,14,1,1,12,9,6,6,6,2
44,5,1,32,16,2,1,12,9,2,3,1,4
40,5,0,34,16,1,1,12,9,1,3,0,4
55,1,2,47,14,1,1,12,9,3,4,1,5
60,5,0,28,13,1,1,12,2,3,4,3,3
47,3,2,39,18,2,1,12,2,4,5,4,2
60,3,3,55,16,2,1,12,2,5,6,6,1
40,5,0,33,16,2,1,12,2,5,4,0,6
40,1,0,43,14,2,1,12,2,2,4,0,5
60,5,1,43,16,2,1,12,2,0,3,4,2
40,1,4,31,15,2,1,12,2,1,4,3,1
40,1,2,38,14,1,1,12,2,1,4,5,2
46,5,0,49,13,2,1,12,2,5,4,2,2
42,1,3,50,12,2,1,12,2,1,5,2,2
50,1,0,50,16,1,1,12,2,6,6,2,1
57,3,0,47,19,2,1,12,2,1,5,0,2
70,5,0,28,12,2,1,8,2,4,4,0,6
40,4,3,34,13,2,1,12,2,1,4,7,2
36,1,1,39,16,2,1,12,5,3,5,3,2
40,1,1,56,16,1,1,12,5,2,4,2,2
30,1,5,48,18,1,1,12,5,6,7,7,1
55,4,1,52,14,1,1,12,5,4,4,0,2
30,5,2,27,14,2,1,12,5,0,4,4,2
40,1,4,42,11,2,1,11,5,0,5,7,1
49,4,1,48,10,1,1,12,5,1,3,0,2
40,3,7,53,12,2,1,12,5,0,3,5,2
60,5,0,37,16,2,1,12,5,0,2,0,4
50,5,2,30,14,2,1,12,5,1,4,0,5
40,3,0,49,14,1,1,12,6,0,2,0,3
40,1,2,42,14,2,1,12,6,6,6,8,2
75,3,2,35,14,1,1,12,6,3,6,0,6
50,1,4,51,10,1,1,10,3,2,4,6,1
40,5,1,29,16,1,1,12,3,3,4,0,6
40,1,1,30,18,1,1,12,3,2,4,6,1
60,5,2,27,10,1,1,12,3,4,4,2,6
30,5,0,19,11,2,1,10,3,3,4,0,5
40,1,0,31,20,2,1,12,3,4,4,0,6
40,5,3,45,12,1,1,8,3,0,4,2,1
56,1,2,52,12,1,1,12,7,1,4,6,2
40,5,1,25,14,2,1,11,7,4,4,2,5
45,5,0,25,13,2,1,11,7,3,4,0,2
40,5,0,29,16,1,1,12,7,5,5,6,1
40,5,0,60,15,1,1,12,7,0,1,1,1
37,3,1,56,16,2,1,10,7,2,4,3,2
40,3,1,56,14,2,1,12,7,3,4,0,2
40,3,2,33,8,2,2,6,7,3,4,4,2
40,3,0,43,14,1,1,12,7,3,4,0,2
40,5,0,32,12,1,1,12,7,3,4,0,6
40,3,0,36,12,1,1,12,7,3,6,6,2
50,2,2,63,12,1,2,12,7,0,2,5,1
40,1,2,64,12,2,1,12,3,5,5,2,5
40,1,2,43,16,2,1,12,3,5,6,4,2
60,3,1,50,16,1,1,12,3,2,2,0,6
54,1,5,44,15,1,1,12,3,0,4,8,1
35,1,4,62,18,2,1,12,3,1,3,7,2
40,3,1,60,13,1,1,12,3,0,4,5,1
35,1,0,29,20,1,1,12,3,6,7,2,3
40,4,6,62,3,1,2,12,3,3,5,6,1
38,3,4,43,12,2,1,11,3,3,4,0,6
7,5,0,57,12,1,1,12,3,0,1,0,6
40,1,4,55,9,1,1,12,3,2,4,1,2
40,3,3,50,12,1,1,12,3,0,3,4,2
40,5,1,32,13,2,1,12,3,0,2,5,2
46,1,1,53,18,2,2,12,3,1,4,5,2
40,3,2,53,12,2,1,4,3,2,3,1,5
40,3,2,54,15,2,1,12,3,0,3,5,2
30,2,4,62,10,2,1,12,3,1,4,2,1
52,5,0,51,14,1,1,12,3,0,2,2,3
89,1,3,47,12,1,1,12,3,4,5,3,2
45,3,0,37,12,1,1,12,8,0,4,0,3
55,5,0,57,14,1,1,12,8,2,4,1,5
40,1,2,49,12,1,2,12,8,0,3,0,6
40,4,2,37,12,2,2,12,8,3,4,0,4
89,1,4,40,14,2,2,12,8,1,2,2,4
40,4,1,26,12,2,2,11,8,3,1,0,2
40,1,5,75,12,1,1,12,8,4,6,2,5
50,1,3,52,20,1,1,12,8,5,4,4,4
40,1,0,55,16,2,1,12,8,1,4,2,1
70,1,1,43,16,1,1,12,3,6,6,7,3
60,5,0,53,16,1,1,12,3,5,6,6,2
35,1,1,34,12,2,1,12,3,5,4,2,6
40,1,1,36,19,2,1,12,3,1,4,3,4
40,5,0,29,16,1,1,12,3,1,3,1,2
40,5,0,47,18,2,1,12,3,1,2,2,5
45,5,0,26,17,1,2,12,3,3,2,2,1
45,1,2,50,14,1,1,12,3,2,4,0,2
40,5,0,35,14,2,1,12,3,5,4,2,4
55,5,0,51,16,2,1,12,3,6,6,7,3
50,1,2,40,20,1,1,12,3,6,6,7,1
40,3,1,63,16,1,1,12,3,0,2,0,5
50,1,3,47,16,2,1,12,3,4,4,0,2
55,1,2,32,18,1,1,12,3,5,5,0,5
55,5,1,23,12,1,1,12,8,5,1,0,6
60,1,2,36,12,1,1,12,8,4,5,6,2
48,3,1,41,14,1,2,12,8,1,4,0,6
45,5,0,29,17,1,1,12,8,7,3,0,6
40,5,0,32,18,2,1,12,8,2,2,2,6
50,5,0,37,20,2,1,11,8,0,2,2,6
45,1,0,29,14,1,1,12,8,3,4,7,2
60,1,2,41,12,2,1,12,8,2,4,1,2
60,1,3,53,16,2,1,12,8,3,5,7,1
60,1,2,31,16,1,1,12,8,4,4,2,5
60,1,6,35,14,2,1,12,8,5,5,6,2
45,1,3,36,14,1,1,12,8,6,5,5,4
40,1,1,60,16,2,1,12,8,0,3,0,4
30,1,2,41,12,2,1,12,6,5,6,8,2
70,1,2,49,12,1,1,12,6,6,7,2,4
40,3,1,61,16,2,1,12,6,4,4,2,2
55,1,1,33,12,2,1,12,6,6,7,7,1
40,1,1,34,16,2,1,12,6,2,1,1,2
70,3,1,44,11,1,1,12,6,3,5,0,3
70,3,1,49,12,1,1,12,6,0,4,2,1
35,4,0,38,5,1,2,9,6,3,3,0,2
30,3,0,53,16,2,1,10,6,0,3,4,2
45,3,1,55,18,2,1,12,6,0,3,5,1
40,1,1,34,16,2,1,12,6,2,3,7,1
40,5,0,35,16,2,1,12,6,7,5,5,2
30,1,0,40,12,2,1,12,1,6,6,2,2
40,1,1,58,12,1,1,12,1,2,2,2,5
40,1,0,33,16,2,1,12,1,4,5,2,5
45,3,0,52,9,1,1,12,1,4,5,0,5
25,3,2,67,15,1,1,12,1,1,4,7,2
35,2,4,71,10,2,1,12,1,3,4,5,4
40,1,2,37,18,1,1,12,1,4,5,7,3
38,1,2,27,12,1,1,12,1,1,3,4,5
40,5,0,33,16,1,1,12,2,1,3,2,5
37,5,0,32,16,1,1,12,2,2,2,0,6
39,3,1,60,14,2,1,12,2,1,5,0,5
40,3,3,46,9,1,1,9,2,5,4,2,5
40,1,0,36,15,1,1,12,2,0,2,0,5
40,1,1,39,16,1,1,12,2,0,2,0,6
39,5,0,33,16,2,1,12,2,6,6,7,1
50,3,1,58,19,2,1,12,2,0,2,2,6
20,1,0,34,16,2,2,12,2,0,2,0,6
50,1,0,59,19,1,1,12,2,1,2,8,3
38,5,4,37,10,2,1,12,2,3,4,2,3
40,1,1,27,12,1,1,12,2,5,4,3,3
65,5,2,34,13,2,1,12,2,1,4,3,2
50,4,1,56,18,2,1,12,2,3,4,0,2
40,1,2,39,12,1,1,12,2,1,3,0,6
40,5,3,30,10,1,1,9,2,3,4,1,5
40,3,1,46,9,1,2,10,2,3,4,8,1
70,2,2,51,12,2,1,11,2,0,3,2,2
40,1,0,55,12,1,1,12,2,5,4,1,6
40,1,3,62,16,1,2,12,2,1,4,1,4
50,1,2,50,12,2,2,12,2,5,5,2,3
45,3,6,43,14,1,2,12,2,5,5,1,2
40,5,0,26,16,1,1,12,2,7,4,0,6
45,1,3,60,12,1,1,12,2,1,4,0,5
40,1,2,49,16,1,1,12,2,4,6,0,6
60,3,1,39,12,1,1,12,2,3,6,3,2
27,5,4,33,10,2,1,10,5,0,4,7,1
40,5,0,34,14,1,1,12,5,1,2,2,2
38,1,2,59,10,1,1,11,5,4,3,2,6
24,3,1,55,13,1,1,12,5,0,4,0,5
30,5,0,50,18,2,1,12,5,0,1,3,1
37,1,2,60,14,2,1,12,5,5,4,5,1
37,1,3,45,18,2,1,12,5,5,6,5,2
38,1,1,53,12,1,1,12,5,0,6,8,2
30,3,2,33,14,2,1,4,5,0,4,7,2
30,5,0,46,13,2,1,12,5,4,5,2,2
40,3,2,60,18,2,1,12,5,1,4,7,2
60,1,2,65,9,1,1,12,5,4,4,0,5
60,1,1,41,16,1,1,12,5,5,6,1,5
40,1,1,33,16,2,1,12,5,3,2,0,5
40,1,7,47,16,2,1,12,5,5,6,6,2
30,5,2,36,10,2,1,10,5,3,5,4,2
40,1,0,24,13,1,1,11,5,4,4,7,1
38,5,0,28,9,1,1,10,5,5,6,0,2
55,4,2,40,16,1,1,12,5,6,6,8,2
50,1,0,36,17,2,1,12,5,1,3,0,5
50,1,1,51,14,1,1,12,5,3,4,6,3
52,1,3,57,14,1,1,12,5,0,4,3,2
65,1,1,35,18,2,1,12,5,1,6,7,2
42,5,1,37,15,2,1,12,5,1,4,4,1
40,1,0,62,12,1,1,9,5,3,7,8,3
70,3,0,52,13,1,1,12,5,4,5,3,2
40,4,3,49,11,1,1,4,5,0,6,8,1
37,1,2,57,15,2,1,12,5,0,1,7,1
50,1,3,54,15,1,1,12,5,4,7,8,1
89,1,1,37,16,1,1,12,5,5,4,3,3
50,1,3,39,12,1,1,9,5,0,6,5,1
30,2,2,67,12,2,1,12,5,4,6,7,1
34,5,0,44,14,1,1,11,5,3,5,1,2
32,5,1,52,12,2,1,1,5,0,1,7,1
40,1,0,45,11,1,1,12,5,0,4,3,2
50,1,1,36,16,2,1,12,5,5,6,5,1
40,1,2,50,20,1,1,12,5,1,4,5,3
34,3,1,59,16,2,1,12,5,2,4,6,2
40,1,3,52,12,1,1,12,5,4,6,7,1
40,1,1,59,12,2,1,12,5,2,5,2,2
58,4,4,31,14,2,1,12,5,3,4,4,1
80,4,6,43,19,1,1,12,5,6,7,0,1
49,5,0,33,13,1,1,9,5,1,4,3,1
40,3,2,37,18,2,1,12,5,3,4,5,2
35,5,1,30,10,1,1,12,5,1,4,1,1
25,5,0,52,14,2,1,12,5,2,4,4,1
20,1,0,25,14,1,1,12,5,6,6,3,3
50,5,0,22,12,2,1,12,5,3,3,5,5
40,5,5,46,12,2,1,12,5,2,4,7,1
40,1,2,33,12,2,1,12,5,4,6,0,5
45,1,0,30,16,2,1,12,5,2,4,3,1
42,3,1,41,15,2,1,12,5,6,6,8,1
40,1,0,54,12,1,1,12,5,6,6,6,1
40,3,2,49,14,2,1,12,5,0,2,0,6
40,3,4,48,13,2,1,12,5,3,4,4,2
40,1,3,46,13,2,2,12,5,2,5,0,1
47,1,3,58,12,1,2,12,5,6,4,2,4
40,5,0,60,16,2,1,12,5,6,6,7,1
40,5,0,41,12,2,1,12,5,0,4,5,3
40,1,2,29,14,2,1,12,5,1,4,0,1
45,3,2,54,14,2,2,12,5,3,4,6,2
80,1,2,52,20,2,1,12,5,2,4,3,3
40,1,1,53,11,2,2,12,5,1,1,3,2
46,3,1,56,12,1,1,11,5,1,4,7,1
40,5,3,26,12,2,1,11,5,6,4,2,1
50,5,0,20,12,2,2,11,5,2,1,0,5
60,3,2,59,17,1,1,12,5,5,5,7,2
40,1,2,31,16,2,1,10,5,5,4,1,5
40,1,2,47,12,1,2,12,5,3,4,7,1
40,1,1,53,13,2,1,12,5,1,4,0,5
42,1,0,35,10,1,2,12,5,2,4,0,5
40,5,0,27,16,2,1,12,5,2,4,6,3
40,1,0,41,14,2,2,11,6,6,5,2,1
44,5,0,72,15,1,1,12,6,5,6,3,4
40,5,2,47,12,2,1,7,6,4,2,3,2
40,3,3,52,13,2,1,9,6,0,4,7,3
40,1,1,62,8,1,1,12,6,5,4,7,1
60,3,0,56,12,1,1,12,6,3,7,0,1
40,2,1,69,14,2,1,12,6,5,4,7,2
70,3,0,53,12,1,1,12,6,5,4,8,1
55,1,5,64,10,1,1,12,6,1,4,3,1
42,3,4,43,11,2,1,7,6,1,4,8,1
45,1,2,47,13,2,1,12,6,5,4,8,1
35,2,0,56,12,2,1,12,6,5,5,3,2
62,1,1,51,11,1,1,12,6,6,7,5,1
58,1,2,47,12,1,1,12,6,6,6,7,1
60,5,0,32,16,2,1,12,6,1,3,1,2
40,1,3,64,16,1,1,12,6,5,4,1,5
40,3,3,43,16,2,1,12,6,1,4,3,3
40,5,0,22,16,2,1,9,6,0,6,7,2
40,3,4,39,18,1,1,12,6,7,1,5,3
31,5,1,30,12,2,1,12,6,1,4,7,1
80,3,3,57,14,2,1,12,6,4,1,4,1
40,1,1,52,20,1,1,12,6,6,6,7,2
50,5,1,30,12,2,1,12,6,1,4,5,2
89,1,4,46,12,1,1,11,6,0,2,8,1
45,1,2,60,18,1,1,12,6,1,3,5,2
40,1,2,34,20,1,1,12,6,3,4,7,1
55,3,2,40,16,1,1,12,6,5,6,1,2
40,1,2,62,16,1,1,12,6,0,1,7,2
38,5,0,32,14,1,1,12,6,5,5,5,2
30,1,1,28,14,2,1,12,6,5,6,7,2
65,4,2,43,18,2,1,12,6,2,4,7,1
50,3,1,46,18,1,1,12,6,4,5,5,2
40,2,5,42,16,2,1,12,6,3,4,5,1
40,4,1,41,12,1,2,8,6,1,4,4,2
40,1,1,64,14,1,1,12,6,1,3,7,2
40,3,2,58,12,2,1,12,3,4,4,6,1
40,5,0,52,14,1,1,12,3,4,5,2,6
40,3,3,52,12,1,1,10,3,1,4,0,6
60,1,1,53,20,1,1,12,5,0,1,3,2
55,5,0,29,16,1,1,12,5,5,5,7,2
43,5,0,26,14,1,1,12,5,2,4,2,6
40,1,1,32,16,1,1,12,5,6,5,3,5
27,1,2,31,14,2,1,10,5,3,4,5,1
48,1,0,26,16,2,1,12,5,2,3,2,2
45,1,2,56,12,2,1,12,5,4,3,6,2
51,1,3,51,13,1,1,12,5,5,4,5,2
40,5,0,23,13,1,1,12,5,3,4,0,5
45,1,0,40,12,1,1,12,5,1,4,0,5
44,3,0,51,14,1,1,12,5,4,5,0,6
51,3,4,54,15,2,1,12,2,5,5,7,1
48,1,2,41,14,1,1,12,3,4,5,4,2
40,1,1,63,12,1,1,12,3,1,4,2,6
35,1,1,44,17,2,1,12,3,1,4,5,2
80,1,2,54,16,1,2,12,3,2,4,3,5
47,4,2,42,11,1,1,12,3,5,3,1,2
40,1,3,40,14,1,1,12,3,5,4,3,2
52,3,1,50,12,1,1,12,3,2,4,2,6
50,3,2,41,16,2,1,12,3,1,2,0,2
50,1,0,33,12,2,1,12,3,5,4,0,3
45,4,2,36,12,2,1,12,3,3,4,0,5
40,1,1,57,16,2,1,12,3,0,4,0,5
40,1,0,33,12,2,1,12,3,1,2,0,6
60,3,1,42,9,1,2,10,3,0,2,7,2
65,1,2,56,19,1,1,12,3,7,7,8,1
40,5,0,23,14,1,1,12,3,1,3,1,5
70,1,0,30,17,1,1,12,3,6,6,7,1
50,5,0,32,20,2,1,12,3,1,2,1,6
50,1,1,56,20,1,1,12,3,6,4,3,6
75,3,1,47,14,1,1,12,3,5,4,2,5
65,1,1,31,12,1,1,12,3,3,4,5,3
40,1,4,44,14,2,1,12,3,4,4,7,1
40,3,5,43,18,2,1,5,3,1,2,0,5
50,3,2,39,12,1,1,12,3,2,4,0,2
40,5,0,21,14,2,1,12,3,4,5,0,6
62,1,1,54,16,2,1,12,3,5,4,0,1
40,1,1,33,16,2,1,12,3,2,4,2,2
38,3,1,60,12,2,1,10,3,1,4,0,2
40,3,1,29,16,2,1,12,3,0,2,0,2
40,1,1,56,18,2,1,12,3,5,4,4,2
40,1,2,44,17,2,1,12,3,4,5,0,2
44,1,3,53,12,1,1,12,3,5,5,0,4
40,1,0,54,16,2,1,12,3,0,1,0,1
50,5,3,31,14,2,1,9,3,1,4,5,2
58,2,2,57,12,2,1,12,3,2,3,4,1
40,3,4,46,12,2,1,12,3,3,4,0,2
53,2,3,64,12,1,1,12,3,3,4,0,5
60,1,0,61,12,1,1,12,3,2,4,0,2
70,3,1,41,13,2,1,12,3,6,6,7,1
44,1,0,44,16,1,1,12,3,4,5,6,3
40,1,3,57,16,1,1,12,3,5,5,7,1
60,1,2,55,13,1,1,12,3,6,7,5,2
47,1,3,46,13,2,1,12,3,5,6,7,2
40,1,2,41,14,2,1,12,3,5,4,7,1
40,3,2,37,14,1,1,12,3,2,4,5,3
40,3,3,42,12,1,1,12,3,6,4,5,1
40,3,2,30,15,2,1,12,3,3,4,0,5
45,5,0,56,16,2,1,12,3,2,2,7,2
40,1,0,43,14,1,1,12,3,6,5,0,5
40,1,4,39,14,1,1,12,3,4,6,7,1
58,1,3,43,12,1,1,12,3,3,4,4,2
32,1,2,58,12,2,1,12,3,0,3,5,2
80,1,0,37,16,1,1,12,3,4,5,0,6
60,1,3,58,19,2,1,12,4,0,1,0,1
45,1,3,30,17,2,1,12,4,4,4,6,3
55,1,2,57,12,2,1,12,4,5,4,6,2
55,1,3,55,18,1,1,12,4,6,6,6,2
50,1,3,64,16,1,1,12,4,3,3,6,4
70,1,0,58,13,2,1,12,4,4,6,1,5
47,1,3,44,12,2,1,12,4,1,2,2,3
62,5,0,31,12,1,1,12,4,3,4,1,4
40,1,0,31,18,2,1,12,4,6,7,6,2
45,1,2,64,12,1,1,12,4,6,2,3,2
38,3,2,59,14,1,1,12,4,4,4,0,6
39,1,0,29,12,1,1,12,4,5,5,3,3
54,5,4,45,14,2,1,12,4,4,4,0,1
43,5,2,29,6,2,2,12,4,3,2,2,4
40,5,0,34,15,1,2,12,4,3,2,5,2
60,1,5,66,20,1,1,12,4,3,4,5,2
50,5,0,26,19,2,1,12,4,2,4,1,3
40,3,2,65,12,2,1,11,4,2,4,1,2
57,3,2,65,15,2,1,12,4,6,4,1,2
55,5,1,56,12,1,1,12,4,4,4,5,1
40,1,2,53,18,1,1,12,4,6,5,4,3
45,1,3,29,12,1,1,12,4,1,4,2,2
40,3,2,52,17,1,1,12,4,3,4,0,6
50,1,2,33,12,1,1,12,4,6,6,7,2
50,1,2,56,16,1,1,12,4,7,7,2,2
40,5,2,28,16,1,1,10,4,4,3,6,2
60,1,1,33,14,1,1,12,4,4,5,0,6
40,1,2,44,15,1,1,12,4,2,3,0,6
40,1,1,55,16,2,1,12,4,2,4,2,4
40,1,2,59,18,2,1,12,4,2,4,7,2
68,5,3,55,12,2,1,12,7,1,4,7,1
60,5,0,56,9,1,1,12,7,5,1,1,2
45,5,1,27,14,2,1,11,7,6,6,7,1
36,1,3,34,11,2,1,12,7,3,4,4,2
40,1,0,30,17,2,1,12,7,0,3,8,1
40,5,0,25,16,1,2,2,7,5,3,5,2
40,5,1,56,12,1,1,10,7,0,2,5,2
60,2,0,58,12,1,1,12,7,6,6,4,1
45,3,5,44,11,1,1,12,7,0,2,3,3
40,5,0,35,16,2,1,11,7,1,4,7,2
40,1,2,38,18,2,1,12,7,0,6,7,1
34,2,3,53,9,2,1,10,7,6,2,7,1
60,4,2,28,13,2,1,10,7,3,4,7,3
40,1,3,65,6,2,1,4,7,0,4,4,1
25,5,3,26,12,1,1,12,7,4,4,6,1
40,1,2,44,11,2,1,12,7,6,4,2,2
40,5,0,29,16,2,1,11,7,5,4,7,2
60,1,3,60,20,1,1,12,7,5,6,7,1
79,5,0,20,12,1,1,12,7,5,2,3,5
40,3,8,65,12,2,1,4,7,3,6,5,2
40,3,2,67,12,2,1,12,7,0,4,7,1
45,3,1,30,15,2,1,12,7,5,4,5,2
40,5,0,19,13,2,1,12,7,2,4,3,2
50,3,3,33,13,1,1,12,7,1,4,2,5
35,3,3,45,11,1,1,12,7,2,5,5,2
50,1,4,33,11,2,1,10,7,3,3,0,4
52,5,2,54,14,2,1,12,7,3,4,0,2
20,3,3,53,14,1,1,12,7,4,6,7,1
89,1,2,54,12,1,1,12,7,6,6,5,1
45,5,0,18,13,1,1,12,7,5,5,0,4
60,5,2,37,17,2,1,12,7,6,6,3,1
60,1,3,43,8,1,1,12,7,3,2,0,2
40,1,3,39,12,1,1,12,7,7,4,7,4
50,1,2,52,4,2,2,12,7,3,6,6,2
57,1,0,25,10,2,1,12,7,3,6,3,1
84,1,4,51,12,1,1,12,7,2,4,5,2
40,4,2,30,12,2,2,12,7,1,6,8,3
40,1,0,29,14,2,1,12,7,5,6,7,2
40,1,1,30,16,1,1,12,7,5,5,0,4
30,1,2,35,15,2,1,12,7,6,6,8,1
70,1,1,55,16,1,1,12,7,5,6,4,3
50,3,2,41,18,2,1,12,8,3,4,2,2
40,1,2,53,14,1,1,12,8,5,4,2,5
89,3,3,61,12,2,1,11,8,5,7,5,1
40,2,1,48,15,1,2,12,8,3,4,0,6
40,5,1,36,11,1,1,12,8,3,6,7,3
40,3,3,32,14,1,1,11,8,3,1,0,6
45,5,0,29,19,2,1,12,8,1,6,7,2
40,5,0,34,12,2,1,1,8,2,2,5,2
50,3,1,57,18,2,1,12,8,0,1,0,6
50,5,0,24,17,2,1,12,8,1,3,2,5
45,1,0,31,15,1,1,12,8,3,4,4,2
40,1,2,39,16,1,1,12,8,6,6,7,1
40,2,1,61,12,2,1,11,8,3,4,0,2
50,3,3,43,16,2,1,12,8,2,3,0,4
40,3,2,43,16,2,2,12,8,5,5,7,2
50,5,0,34,20,2,1,12,8,6,6,7,1
40,1,0,55,12,1,1,12,8,2,2,1,6
40,5,0,26,12,1,1,12,8,1,4,3,2
50,1,3,53,14,2,1,12,8,6,6,6,2
45,1,3,56,20,2,1,12,8,2,2,3,1
35,5,0,38,14,2,1,12,8,3,4,2,2
50,3,6,65,17,1,1,12,8,3,6,8,1
49,3,2,48,12,1,1,12,8,2,5,0,1
40,1,0,32,9,1,1,12,8,4,4,2,1
57,5,4,38,8,2,1,10,8,3,4,0,2
44,5,4,48,12,1,1,11,8,0,7,1,1
50,1,1,29,13,1,1,9,8,5,4,7,2
55,1,2,64,12,2,1,12,8,4,5,0,5
40,5,0,23,13,2,1,2,8,4,4,5,2
52,1,3,43,12,1,1,12,9,1,3,8,1
70,4,2,39,14,1,2,11,9,3,6,0,6
50,1,2,56,9,1,2,12,9,1,4,6,2
40,1,4,29,6,1,2,10,9,3,4,0,6
40,1,3,35,14,2,1,12,9,6,6,7,2
40,5,4,42,14,2,1,11,9,0,3,6,1
40,1,1,37,13,1,2,12,9,3,4,3,1
40,5,0,33,14,1,1,12,9,1,2,0,6
40,3,6,53,11,2,1,11,9,3,4,0,2
40,3,5,41,11,2,1,12,9,3,4,2,3
60,1,2,27,13,1,2,12,9,1,3,1,6
35,1,1,45,20,1,1,12,9,2,3,1,1
40,2,0,54,12,1,1,12,9,4,6,0,1
40,1,3,51,14,2,1,12,9,2,3,4,1
40,1,2,52,15,1,1,12,9,2,1,0,5
40,1,1,48,12,1,1,12,9,5,5,0,5
60,1,2,62,14,2,1,12,9,4,4,0,2
43,5,0,31,17,2,1,12,9,5,4,5,2
50,1,0,36,18,1,1,12,9,0,1,0,6
40,1,3,65,12,1,1,12,9,3,3,0,6
40,5,0,33,14,2,1,12,9,3,5,4,4
50,1,2,65,16,1,1,12,9,6,6,6,2
60,2,1,40,16,1,1,12,9,3,4,7,1
50,3,1,72,19,2,1,12,9,3,4,0,1
38,3,2,47,16,1,1,12,9,4,1,0,6
40,3,0,39,14,1,1,12,9,3,3,0,6
52,5,2,36,16,2,1,9,9,2,3,2,1
50,3,2,33,14,1,1,12,9,3,2,0,6
40,3,0,40,16,2,1,12,9,0,1,0,6
40,1,1,37,20,1,1,12,9,1,3,7,2
73,5,1,34,15,2,1,11,9,5,5,2,5
38,5,1,27,12,1,1,12,9,4,4,0,6
50,1,1,32,16,1,1,12,9,1,3,2,6
53,5,0,32,14,1,1,12,9,7,4,3,4
40,5,0,24,14,1,1,2,9,3,2,0,4
40,5,0,27,16,1,1,9,9,3,4,0,6
50,1,4,55,14,1,1,12,9,2,2,1,3
48,5,0,37,16,1,1,12,9,1,2,0,6
55,3,2,53,12,1,1,12,9,1,4,4,5
50,5,0,61,16,1,1,12,9,4,5,0,6
60,1,2,54,12,1,1,12,9,6,6,8,1
40,1,3,32,13,1,1,12,9,4,5,3,5
30,1,1,34,20,2,1,12,9,1,3,2,5
40,1,2,53,18,2,1,12,8,6,7,8,1
40,1,2,56,11,2,1,12,8,5,5,2,2
40,2,0,35,12,2,1,9,8,1,3,5,2
40,1,0,30,14,1,2,12,8,3,4,7,3
40,1,5,47,11,2,1,11,8,2,4,0,6
60,5,0,26,11,1,1,12,8,2,5,8,1
70,1,0,33,12,1,1,12,8,3,1,1,2
40,3,0,32,12,2,1,12,8,4,5,2,3
70,1,2,42,20,2,1,12,8,1,3,2,4
70,1,2,26,9,1,1,12,8,2,4,0,6
40,1,2,28,16,1,1,12,8,6,4,5,3
40,5,1,41,15,2,1,12,8,6,6,7,2
40,1,3,48,18,1,1,12,8,0,4,7,1
50,1,2,28,16,1,2,12,8,5,5,7,2
80,1,2,37,16,1,1,12,8,4,4,1,4
40,1,3,40,15,1,1,12,8,3,4,0,6
40,1,0,24,13,2,1,12,8,0,1,0,6
48,5,1,47,14,1,2,12,8,4,4,3,2
35,1,0,31,13,2,1,11,8,5,2,0,2
50,1,0,27,16,1,1,12,8,4,7,5,1
56,1,0,31,18,2,1,12,8,3,4,6,2
42,1,2,49,12,2,1,12,7,3,4,0,1
60,1,0,58,9,1,1,12,7,3,1,0,4
32,3,5,35,10,2,1,12,7,2,4,0,2
40,5,1,44,12,1,1,12,7,3,2,0,6
40,1,2,43,12,1,1,10,7,6,4,7,2
40,1,3,58,8,1,2,12,7,1,5,7,4
60,1,3,48,16,1,1,12,7,5,5,7,2
40,1,2,49,14,1,1,12,7,4,4,6,4
40,1,2,38,16,1,1,12,7,4,4,4,2
50,1,2,58,16,2,1,12,7,6,6,7,1
32,3,1,70,20,2,1,12,7,4,6,3,1
40,1,2,56,13,1,1,12,7,6,7,7,1
40,1,1,30,14,1,1,12,7,1,5,3,4
40,1,2,46,12,2,1,3,7,1,3,1,1
20,1,2,30,12,1,1,12,7,5,6,8,1
52,1,2,60,12,2,1,12,7,4,6,0,1
36,1,3,47,13,2,1,12,7,0,4,8,1
40,5,1,39,17,2,2,12,7,3,5,8,1
40,1,2,58,13,2,1,12,7,1,4,7,1
50,3,2,62,20,1,1,12,7,7,7,4,1
50,1,1,41,16,1,1,12,7,2,3,7,1
52,1,4,48,14,2,1,12,7,3,4,7,2
60,1,3,62,16,1,1,12,7,4,6,8,1
47,5,2,40,12,1,1,11,7,2,5,7,2
40,1,2,41,15,2,1,12,7,1,4,3,1
72,3,1,65,14,2,1,12,7,4,5,7,1
28,1,3,39,15,2,1,12,7,6,7,8,1
40,3,3,41,16,2,1,12,7,0,2,0,5
70,1,2,62,12,1,1,12,7,5,2,1,1
36,1,3,58,12,2,1,12,7,3,4,6,3
50,1,3,39,12,1,1,12,7,5,6,8,1
45,1,0,22,13,1,1,12,4,7,4,0,6
89,5,0,33,12,1,1,12,4,5,3,3,5
60,5,1,46,16,2,1,12,4,0,4,7,1
45,5,0,62,16,1,1,12,4,4,5,0,5
40,5,2,28,10,1,1,12,4,1,5,2,2
40,1,3,45,18,2,1,12,4,5,5,8,1
39,1,4,57,14,1,1,12,4,2,5,0,2
40,1,2,58,12,1,1,12,4,4,5,1,1
40,3,2,30,14,2,1,11,4,5,4,1,1
40,1,3,43,20,1,2,12,4,6,6,0,5
50,5,0,31,13,1,1,12,4,6,7,3,5
40,1,3,44,14,2,1,12,4,1,5,8,1
45,1,0,26,16,2,1,12,4,5,5,2,3
40,3,2,24,13,2,1,12,4,4,4,0,3
40,1,6,38,13,1,1,12,4,2,3,7,2
50,1,2,51,14,2,1,12,4,2,2,2,1
45,2,3,44,14,1,1,12,4,1,2,4,3
40,1,5,31,12,2,1,12,4,2,2,8,1
40,3,5,54,12,2,1,12,4,1,5,3,4
50,3,0,49,12,1,1,12,4,3,4,4,4
40,5,3,21,12,2,1,10,4,3,2,0,2
83,3,2,42,15,2,1,11,4,3,2,5,1
40,1,3,60,14,1,1,12,4,3,4,6,2
70,1,4,44,16,1,1,12,4,5,6,5,2
60,5,0,54,16,1,1,9,4,5,5,0,5
70,3,2,48,12,1,1,12,4,7,1,0,4
40,3,3,64,12,2,1,12,3,2,4,1,1
40,1,0,32,12,1,1,12,3,4,6,5,2
55,1,2,59,15,2,1,12,3,1,3,1,1
89,3,2,40,20,1,1,12,3,4,5,3,5
45,5,0,24,17,2,1,11,4,1,3,0,3
35,5,2,26,12,2,1,12,3,2,4,0,3
40,5,1,30,12,2,1,10,3,1,2,0,5
45,1,4,49,12,1,1,12,3,2,4,7,2
44,5,2,38,16,2,1,12,3,3,2,0,5
40,5,1,27,12,2,1,12,3,1,3,0,6
40,1,2,54,16,2,1,12,3,6,6,3,5
70,1,2,61,12,1,1,12,3,1,4,1,4
55,5,1,28,12,1,1,12,3,2,5,2,6
30,1,2,40,14,2,1,12,3,1,5,4,3
40,1,1,56,11,2,1,12,3,4,4,2,2
45,1,2,54,12,1,1,12,3,1,4,2,3
35,5,0,24,12,1,1,12,3,5,6,3,5
50,1,1,38,18,1,1,12,3,1,3,0,6
40,5,0,47,12,2,1,12,3,1,3,0,5
46,1,0,54,18,2,1,12,3,1,3,0,6
30,1,1,30,10,2,1,12,3,4,4,1,2
40,1,0,54,16,2,1,12,3,1,5,7,2
40,1,4,58,16,1,1,12,3,2,3,7,1
40,1,2,51,14,1,1,12,5,6,6,8,1
57,3,4,44,12,1,1,12,5,3,4,0,2
50,3,3,63,18,2,1,12,5,6,7,8,1
40,5,0,27,12,2,1,12,5,1,4,8,1
65,1,2,48,11,1,1,12,5,3,4,0,6
32,1,3,58,12,2,1,12,5,1,4,1,5
50,1,2,31,16,1,1,12,5,5,6,8,1
48,1,2,30,17,1,1,12,3,3,4,3,3
52,3,4,48,15,2,1,4,3,3,4,2,6
35,1,3,45,19,2,1,12,3,3,4,0,3
41,3,2,42,14,2,1,11,6,0,2,4,1
65,3,5,57,10,2,1,11,6,1,4,7,1
80,1,3,62,12,2,1,12,6,0,4,5,1
55,1,0,52,12,2,1,12,6,1,5,6,2
55,1,1,26,13,2,1,12,6,2,4,4,2
70,1,2,71,14,1,1,12,6,5,6,8,1
40,1,3,74,12,1,1,12,6,6,7,8,1
52,3,2,50,12,2,1,11,6,3,7,4,1
60,1,5,40,16,1,1,12,6,3,4,8,1
40,5,1,20,12,1,1,12,6,3,4,0,5
44,1,2,40,14,2,1,12,6,5,4,7,3
40,3,2,56,12,1,1,12,6,6,6,7,2
40,3,3,64,12,1,1,12,6,0,4,5,1
40,4,2,34,9,1,2,10,6,3,4,0,3
45,3,2,38,16,2,1,12,5,5,5,6,1
67,1,0,53,14,1,1,12,5,2,4,0,1
40,1,0,37,18,2,1,12,5,0,4,8,1
40,3,1,55,11,2,1,12,5,5,3,2,2
20,3,2,53,13,2,1,11,5,6,6,8,1
40,1,1,56,13,2,1,12,5,6,7,8,1
46,5,1,29,11,1,1,5,5,0,4,5,4
28,5,1,26,13,2,1,11,5,6,4,5,3
40,5,3,46,11,2,1,9,5,0,4,2,2
40,1,1,56,12,2,1,12,5,4,4,7,1
48,1,3,43,12,1,1,11,5,3,4,0,6
60,3,1,53,12,1,1,12,5,4,3,0,6
40,1,5,41,14,2,1,12,5,3,4,0,2
40,3,2,38,12,2,1,8,5,5,2,4,2
43,2,1,46,12,1,1,12,5,0,4,0,2
40,5,2,34,16,1,1,12,1,3,4,7,1
40,1,4,34,14,2,1,12,1,2,2,0,1
40,3,5,36,12,2,1,12,1,3,4,0,6
40,1,1,65,16,1,1,12,1,1,2,0,6
55,1,2,48,16,2,1,12,1,0,3,4,4
50,3,3,49,12,2,1,12,1,4,4,2,3
40,1,5,54,16,1,1,12,1,2,4,7,2
40,1,2,49,16,1,1,12,1,5,4,1,5
40,1,2,53,16,2,1,12,1,1,1,0,5
50,1,0,52,16,1,1,12,1,1,4,0,6
40,3,2,54,12,1,1,12,1,4,6,0,2
48,1,2,62,12,1,1,12,1,4,3,2,5
48,5,0,40,14,1,1,12,1,5,5,0,2
46,3,0,56,12,1,1,12,1,3,4,0,5
40,5,0,24,14,1,1,12,1,2,3,0,6
40,5,0,27,13,1,1,12,1,1,3,1,6
40,5,0,35,16,1,2,12,2,1,3,3,3
50,5,0,27,19,2,1,12,2,0,2,0,6
50,3,1,50,16,2,2,12,2,2,5,3,2
37,1,3,35,14,2,2,12,2,0,2,6,2
84,1,3,46,12,2,2,10,2,3,4,3,1
40,5,1,32,12,2,1,12,2,0,6,7,1
40,1,4,56,12,1,1,12,2,0,4,5,2
40,1,1,55,14,1,2,12,2,0,3,3,1
40,1,0,39,16,1,1,12,2,2,4,4,5
55,1,0,38,18,1,2,12,2,3,2,2,6
50,5,2,61,15,1,1,12,2,3,5,6,1
40,1,2,51,17,1,2,12,2,4,2,4,6
45,1,0,37,20,1,1,12,2,1,2,0,6
40,5,0,25,14,1,1,12,2,4,4,2,6
42,5,1,33,15,1,1,12,2,3,4,0,6
50,3,0,49,14,1,1,12,1,4,5,2,2
48,1,2,44,12,2,2,12,1,1,6,7,2
36,1,4,58,16,2,2,12,2,3,4,0,1
45,5,0,25,12,2,1,12,2,3,2,2,3
44,5,0,24,14,1,2,12,2,3,4,3,2
40,1,2,38,16,1,1,12,2,2,4,1,6
45,1,2,48,16,2,1,12,2,5,6,7,3
45,1,1,49,13,1,1,12,2,5,4,2,3
62,1,2,50,12,1,1,12,2,4,4,1,6
40,1,2,44,13,1,1,12,2,7,6,7,4
35,1,0,46,20,2,1,12,2,1,2,0,6
40,3,0,43,14,2,1,12,2,2,4,3,1
72,1,3,62,13,1,1,12,2,6,6,0,1
45,5,0,52,16,2,1,12,2,1,3,5,1
40,1,0,27,14,1,1,12,2,2,4,5,3
60,5,1,45,16,2,1,12,2,1,4,3,5
40,1,1,47,16,2,2,12,2,0,4,5,1
43,5,1,35,16,2,1,12,2,0,4,7,1
37,1,3,43,16,2,1,12,2,0,1,5,1
88,5,0,24,12,1,2,12,2,5,4,8,2
40,1,2,49,14,2,1,12,2,1,2,3,2
48,1,2,54,12,1,1,12,2,1,2,1,6
50,5,0,54,13,2,1,12,2,0,3,5,1
60,3,0,55,16,1,1,12,2,4,4,5,4
50,5,0,44,20,1,1,12,2,6,5,7,2
40,1,1,36,14,2,1,12,9,1,3,0,6
40,1,1,67,13,1,1,12,9,2,4,2,2
40,1,5,56,9,1,2,12,9,1,5,6,1
40,3,2,41,12,2,1,12,9,7,5,7,1
60,1,3,55,14,1,1,12,9,5,5,5,3
20,1,0,51,16,1,1,12,9,3,1,0,6
81,1,5,34,13,1,1,12,9,3,1,2,6
50,1,0,29,9,1,2,12,9,1,3,0,4
40,1,2,40,6,1,2,9,9,2,3,2,5
53,1,1,33,16,1,1,12,9,1,4,4,2
40,1,2,44,18,2,1,12,9,0,2,3,6
40,5,0,27,14,1,1,1,9,1,2,2,4
80,5,0,53,14,1,1,11,2,3,3,2,2
50,1,0,33,12,1,1,12,9,1,4,0,6
45,1,2,60,20,2,1,12,9,2,2,0,3
42,5,0,28,13,1,1,9,9,2,4,3,5
34,5,0,27,15,2,1,12,9,1,2,0,6
60,1,2,50,12,1,2,12,9,6,6,4,4
40,1,1,38,17,1,1,12,9,1,3,1,6
53,1,3,37,18,1,1,12,9,1,2,5,1
89,5,0,28,16,1,1,12,2,3,4,0,6
50,5,0,29,16,1,1,12,9,2,2,0,6
48,3,1,45,16,2,1,12,9,1,2,0,2
60,2,0,52,16,1,1,12,9,3,3,3,5
60,5,1,32,14,1,1,12,9,2,2,0,3
48,1,0,71,16,1,1,12,9,3,4,0,2
60,5,1,46,18,2,1,12,3,0,3,2,1
40,1,3,39,12,1,1,12,3,0,7,2,2
40,5,3,48,12,1,1,12,3,0,4,3,2
46,5,0,31,16,1,1,12,3,2,4,0,5
38,5,0,22,15,2,1,3,3,7,4,4,3
55,5,0,39,20,1,2,12,3,1,3,0,6
55,1,3,45,18,2,1,12,7,0,2,2,6
45,5,0,28,18,2,1,12,3,1,4,6,3
52,3,3,59,12,1,1,12,3,3,5,3,2
50,5,0,26,16,2,1,12,3,0,2,3,5
45,3,0,59,20,1,2,12,3,2,4,2,6
60,3,0,70,13,1,1,12,3,7,2,1,5
42,1,3,52,15,2,1,12,3,2,2,2,5
40,1,8,58,14,1,1,12,3,1,4,0,5
32,1,2,62,16,2,1,12,3,5,4,1,5
30,1,2,63,19,1,1,12,3,4,6,7,1
50,1,2,47,20,2,1,12,3,2,4,7,1
40,1,2,59,12,2,1,12,9,2,3,0,2
32,1,2,39,12,2,1,12,9,3,4,2,6
40,1,2,71,20,1,1,12,9,5,4,3,5
40,5,0,24,16,2,1,12,9,2,2,2,6
40,3,0,64,18,1,1,12,9,0,2,0,6
70,5,1,51,18,1,1,12,9,3,4,0,1
60,5,0,61,16,2,1,12,9,2,2,0,6
41,3,2,67,16,2,1,12,9,0,2,3,3
40,3,3,32,16,2,1,12,9,3,2,2,1
60,1,2,53,12,1,1,12,9,6,4,2,1
40,1,0,28,17,1,1,12,8,4,4,7,1
70,1,0,52,20,1,1,12,9,0,3,0,6
40,5,0,54,12,1,1,12,9,5,4,0,6
40,5,0,33,12,1,1,12,9,4,4,2,2
50,1,1,43,17,2,1,12,9,1,3,0,6
40,1,0,50,16,1,2,12,9,1,2,2,3
40,5,0,49,18,1,1,12,9,0,4,2,1
40,3,3,52,18,1,1,12,2,0,2,0,2
40,2,0,55,12,1,1,11,2,0,3,2,1
40,1,3,48,14,1,1,12,2,0,2,7,2
40,5,2,44,12,2,1,12,2,1,5,7,1
40,3,2,60,14,1,1,12,5,3,5,7,3
67,1,3,47,12,2,2,12,2,5,2,7,2
35,5,2,44,14,2,1,12,2,0,4,7,2
48,5,0,38,14,1,1,12,2,0,2,7,2
50,5,0,35,16,1,1,12,2,2,4,2,5
40,5,0,29,16,2,1,12,4,3,5,8,1
20,1,0,57,16,2,1,12,5,1,3,5,2
50,3,4,57,14,2,1,10,5,3,4,0,6
40,3,5,44,12,2,1,11,5,0,4,5,2
40,1,3,59,12,1,1,12,5,1,4,4,2
53,1,2,33,14,1,2,12,5,2,4,7,2
40,3,2,44,11,1,2,11,5,0,4,1,5
40,1,3,45,18,2,2,12,5,0,4,3,2
43,1,3,58,12,1,1,12,3,5,5,0,6
40,1,0,24,12,2,1,12,7,3,5,8,1
52,1,3,71,17,1,1,12,3,6,6,3,3
42,3,4,60,13,2,1,12,3,1,4,3,2
40,5,2,25,13,2,1,12,3,0,4,3,2
50,1,1,32,16,1,1,12,7,2,4,7,2
30,1,2,29,11,2,2,12,7,3,5,4,2
40,1,3,47,10,2,1,12,7,0,4,1,1
40,4,3,49,13,1,1,12,7,1,4,0,6
42,5,0,26,15,1,1,12,3,4,6,8,1
20,5,0,41,20,2,2,11,7,6,6,8,1
55,1,2,60,12,1,1,12,7,4,6,4,2
88,1,2,41,15,2,1,12,7,0,4,4,2
60,1,4,39,6,2,2,12,7,2,4,7,1
84,4,0,31,13,2,2,12,5,1,4,3,3
50,5,0,37,16,1,1,12,3,3,4,2,5
44,1,1,64,18,2,1,12,5,2,3,2,6
40,1,1,45,16,1,1,12,5,1,4,7,2
37,1,3,65,18,2,1,12,5,6,6,0,5
45,5,0,37,16,1,1,12,5,3,2,0,6
60,1,3,46,16,2,1,12,5,1,2,3,4
50,1,3,51,19,2,1,12,7,4,5,7,1
40,1,3,50,12,1,1,12,7,5,6,7,1
40,5,0,39,12,1,1,12,7,4,6,0,3
40,1,0,35,18,1,2,12,7,4,2,2,4
55,1,1,49,12,1,1,12,7,1,4,0,4
54,1,7,64,13,1,1,12,7,4,7,7,2
50,1,2,43,17,1,1,12,7,6,6,3,3
43,1,2,35,13,2,2,12,7,2,6,7,2
50,5,2,29,12,1,1,12,7,3,2,3,5
40,1,2,65,16,1,1,12,7,5,6,2,6
50,1,3,43,16,1,1,12,1,4,5,5,4
55,1,0,51,20,2,1,12,9,0,2,0,6
40,1,1,54,14,2,1,12,1,0,2,7,2
52,1,3,63,13,1,1,12,1,3,4,0,6
45,3,2,74,17,1,1,12,1,2,3,3,6
32,1,0,66,14,2,1,12,1,2,3,3,2
50,1,6,75,9,1,1,12,1,4,5,4,2
39,4,3,45,12,2,1,12,1,2,4,0,6
50,1,3,48,18,1,1,12,1,5,6,4,4
30,3,2,45,14,2,1,12,5,4,4,1,2
80,1,2,48,18,1,1,12,5,5,6,3,3
40,5,3,51,15,2,2,12,5,0,4,8,1
36,5,2,30,12,2,1,9,5,2,3,4,6
70,1,2,45,20,2,1,12,5,3,4,7,1
50,5,1,37,12,1,2,12,5,0,3,3,5
45,5,0,28,14,1,1,12,5,2,3,0,6
40,1,2,51,18,1,2,12,5,2,3,8,1
45,5,0,41,16,2,1,12,5,2,4,8,1
39,5,0,60,13,1,2,9,8,1,4,0,6
44,5,3,37,12,1,1,12,8,1,4,4,5
35,3,0,62,13,1,1,12,8,6,6,1,3
30,1,3,35,12,1,1,12,5,3,4,0,6
44,1,2,50,12,1,1,12,5,7,6,1,2
40,1,2,40,12,1,2,12,5,1,4,3,5
40,5,0,24,12,1,2,12,5,5,2,0,3
40,5,0,25,16,1,1,12,4,1,3,2,6
40,3,0,29,16,2,2,10,4,0,2,2,6
40,3,0,71,14,1,1,12,4,1,2,0,6
30,3,4,56,17,1,1,12,4,5,6,8,1
43,1,2,36,16,2,1,12,4,1,4,3,3
60,1,2,47,16,1,1,12,4,0,4,4,3
50,1,1,61,15,1,1,12,4,1,4,0,3
40,5,1,35,13,1,1,12,4,3,4,1,2
50,2,3,58,12,1,1,12,4,3,4,5,3
73,1,1,60,12,1,1,12,4,1,4,5,3
49,1,3,60,16,1,1,12,5,1,4,7,1
36,1,3,46,14,1,1,12,5,1,3,5,4
60,5,0,31,19,2,1,12,2,1,4,7,2
80,5,0,38,12,1,1,12,5,1,4,2,4
50,5,1,35,16,2,1,12,5,2,4,4,2
40,3,2,49,12,2,1,11,5,4,4,0,2
38,3,2,64,17,2,1,12,4,0,2,0,6
35,2,5,61,15,2,2,12,4,1,4,0,6
50,1,2,44,16,1,1,12,3,5,4,0,6
30,1,2,48,14,2,1,12,3,6,7,7,2
40,3,2,62,14,2,1,12,4,4,4,5,2
52,3,1,41,12,2,1,12,4,1,4,0,5
40,1,1,59,13,2,1,12,7,5,4,3,3
41,4,0,29,12,1,1,11,7,1,4,2,3
45,5,2,27,17,2,1,11,7,1,4,5,2
40,1,2,53,15,2,1,12,5,1,2,2,6
40,1,4,36,16,1,1,12,5,5,5,8,1
60,5,0,31,16,2,1,12,5,1,5,0,3
40,1,1,47,12,2,1,12,5,3,4,0,6
40,1,2,38,18,2,2,12,5,1,2,1,6
70,1,0,33,20,1,1,12,5,2,2,0,6
30,1,0,27,14,2,2,12,5,1,2,0,6
70,3,2,58,19,1,1,12,5,3,4,7,1
40,5,0,33,12,2,1,12,5,1,5,2,3
35,5,0,52,12,1,2,10,9,5,4,6,2
35,1,2,49,20,2,1,12,9,6,6,8,1
89,3,3,48,14,1,1,12,9,3,5,3,3
55,1,4,54,18,1,1,12,9,5,6,5,2
42,1,1,35,13,1,1,12,9,3,4,1,5
55,2,1,41,17,2,1,12,9,0,2,5,2
60,1,2,58,20,1,2,12,9,5,6,3,6
40,5,0,29,16,2,1,12,9,1,4,4,2
40,5,0,39,15,1,1,12,2,1,2,1,5
55,1,1,53,12,1,1,12,2,1,4,3,2
40,1,2,39,12,1,1,12,2,2,4,1,4
43,3,0,58,12,1,1,10,8,4,6,4,2
40,5,0,32,16,1,1,12,8,2,3,1,6
37,5,0,67,14,1,1,12,8,1,3,0,6
45,5,0,59,16,2,1,12,8,0,2,3,5
40,5,2,36,18,2,1,12,8,1,6,3,1
33,5,3,31,15,1,1,9,8,6,4,3,2
40,1,3,49,14,2,2,12,8,1,2,7,2
55,1,2,40,15,1,1,12,8,5,4,2,6
45,3,2,62,14,2,1,12,8,1,4,2,2
42,1,2,45,12,1,1,12,3,5,6,0,5
48,2,4,60,16,2,1,12,3,0,4,7,2
60,1,0,36,16,1,1,12,3,4,4,2,4
60,1,2,60,19,1,1,12,3,2,4,2,6
48,3,2,59,16,2,1,12,1,2,6,7,1
40,1,0,46,17,2,1,12,1,2,2,2,5
50,5,0,28,15,2,1,12,6,1,3,0,5
45,1,0,44,16,1,1,12,1,3,5,3,5
39,5,0,26,12,2,1,12,1,3,4,0,6
53,3,1,31,13,1,1,12,1,5,4,3,5
40,1,2,64,16,1,1,12,1,7,4,2,2
65,5,0,54,18,1,1,12,1,2,4,4,2
60,5,0,27,11,1,1,12,5,5,3,2,2
45,5,0,25,16,1,1,12,2,2,3,0,6
48,1,3,40,8,2,2,12,2,1,6,5,2
45,1,4,39,16,1,1,12,2,6,5,7,2
45,1,1,53,19,2,1,12,2,3,3,4,2
40,1,0,60,16,2,1,12,2,5,4,1,3
55,1,0,48,8,1,1,12,2,6,6,7,1
70,1,5,40,8,1,1,12,2,5,6,6,1
45,5,1,46,12,2,1,11,2,1,4,0,3
65,1,2,51,20,1,1,12,2,5,6,7,1
67,3,4,61,12,2,1,12,2,3,4,4,1
44,3,3,34,16,1,1,12,2,4,4,0,5
37,3,2,57,12,1,1,12,2,0,2,5,2
79,1,0,48,12,1,1,12,2,1,4,0,5
40,5,0,53,12,2,1,12,2,7,6,0,5
48,1,3,31,12,2,2,11,3,4,1,4,2
89,1,1,48,15,1,1,12,3,5,6,7,2
50,3,3,56,11,1,1,12,3,2,4,0,6
44,1,2,29,12,2,1,12,3,3,4,0,4
40,1,3,64,16,2,1,12,3,0,1,0,6
40,5,1,63,16,2,1,12,3,4,5,0,4
40,4,2,33,11,2,1,6,3,0,2,4,1
60,5,0,37,19,1,1,12,3,5,6,2,3
38,1,2,32,14,2,1,12,3,6,6,3,4
40,1,2,47,12,1,1,12,3,5,4,3,3
49,3,3,56,12,1,1,12,3,5,5,2,5
40,1,2,53,13,1,1,12,3,5,4,0,5
36,5,0,35,12,1,1,9,3,3,4,4,2
56,1,2,37,12,1,1,12,3,3,4,3,5
40,5,0,32,16,2,1,12,3,6,6,4,2
45,3,3,48,12,1,1,12,3,4,4,2,2
55,1,3,37,12,1,1,12,3,3,4,4,2
40,1,3,54,14,1,1,12,3,3,3,0,6
45,5,0,23,16,1,1,12,3,7,6,2,2
50,1,2,37,14,2,1,12,3,1,2,0,6
55,1,2,35,12,1,1,12,3,3,4,4,5
35,5,1,37,12,2,1,12,3,1,3,2,2
40,3,1,58,13,1,2,12,3,0,2,0,4
70,5,0,26,16,1,1,12,2,3,3,2,6
60,1,1,40,14,1,1,12,3,5,6,7,3
45,1,2,60,16,2,1,12,3,6,6,1,5
40,1,3,29,11,1,1,12,3,3,4,1,2
45,1,0,29,12,1,1,12,3,3,4,2,5
42,1,1,30,7,1,1,12,3,4,3,0,6
48,1,2,43,11,1,1,12,3,1,5,0,6
12,3,1,28,12,1,1,9,3,1,5,0,3
44,1,0,31,14,2,1,12,3,5,5,5,2
40,1,3,61,20,1,1,12,3,4,7,7,1
60,1,1,35,13,1,1,12,3,2,4,0,5
50,1,3,43,16,1,1,12,3,6,6,7,1
40,5,0,48,14,1,1,12,3,0,2,0,4
40,1,0,42,18,1,1,12,3,0,2,0,5
30,1,0,35,20,2,1,12,3,0,2,2,5
40,5,0,23,15,2,1,8,3,0,1,0,6
40,5,1,29,14,2,1,12,3,5,4,7,5
37,5,0,31,8,2,1,11,3,2,5,0,1
45,3,1,32,15,2,1,12,3,3,4,5,5
45,1,0,45,18,2,2,12,3,3,4,7,2
40,5,0,26,14,2,1,11,3,1,2,0,6
35,5,0,28,16,2,1,12,3,2,2,0,6
60,3,0,56,16,1,1,12,3,6,6,4,2
55,1,3,64,12,2,1,12,3,4,6,7,1
60,3,1,68,18,2,1,12,6,2,1,0,5
40,3,0,53,12,1,1,9,6,4,1,0,4
50,5,0,27,16,2,1,12,6,1,3,2,5
45,1,5,56,18,2,1,12,6,0,3,6,1
40,1,1,29,16,2,1,12,6,5,4,0,3
36,1,2,34,16,2,1,12,3,5,4,5,2
50,1,2,54,17,1,1,12,3,4,6,6,1
40,1,3,45,17,1,1,12,3,2,3,0,6
40,3,3,50,16,2,1,12,3,4,5,2,2
50,5,0,27,14,2,1,12,4,2,2,0,6
40,1,3,29,14,1,1,12,4,5,4,0,6
40,3,1,48,19,2,1,12,4,0,2,5,2
45,5,0,33,16,2,1,12,8,0,3,0,6
40,1,1,43,14,2,1,12,4,0,3,0,6
54,1,2,35,16,1,1,12,4,4,6,7,3
35,1,2,63,19,1,1,12,4,0,1,5,2
10,1,1,30,18,2,1,12,4,2,3,3,3
60,3,4,39,16,2,1,12,4,4,4,6,2
53,1,2,47,12,1,1,12,3,5,5,0,5
60,1,2,35,17,1,2,12,3,4,7,6,2
30,1,2,51,14,1,1,12,3,5,6,8,1
36,1,0,30,18,2,1,10,3,1,4,2,6
40,2,2,55,15,2,1,11,3,2,4,0,1
30,1,3,52,12,2,1,12,6,5,6,7,2
55,5,0,31,16,1,1,12,6,1,2,0,6
40,3,2,54,13,2,1,5,6,6,7,4,2
50,5,0,27,16,1,1,12,6,2,3,2,5
50,3,0,40,15,2,1,12,6,7,4,0,5
40,5,3,43,14,2,1,10,6,1,4,5,2
40,5,3,40,13,2,1,12,6,0,6,5,1
40,2,3,63,14,2,1,12,5,1,4,5,2
60,1,2,30,12,1,1,12,5,5,5,5,2
45,5,0,28,14,1,1,12,5,0,2,0,6
40,5,0,29,16,2,1,11,2,3,4,7,2
40,1,2,45,20,2,2,12,5,1,4,7,2
40,5,0,34,10,1,1,12,8,6,4,2,1
60,1,2,62,18,2,1,12,5,6,6,3,1
50,1,4,55,12,1,1,12,5,3,4,0,1
40,1,2,61,16,1,1,12,5,2,4,2,1
40,5,1,52,18,2,1,9,5,0,1,2,1
55,1,0,53,16,2,1,12,5,5,4,3,3
32,1,3,32,12,2,1,12,5,3,4,0,5
38,1,2,70,14,2,1,11,5,5,4,3,1
33,5,4,32,10,2,1,11,5,0,4,2,3
36,5,4,30,12,2,2,10,5,3,6,5,2
40,1,1,48,12,2,1,12,5,1,4,7,1
50,1,0,48,16,2,1,12,5,0,3,1,4
6,1,1,51,14,1,1,12,5,3,4,4,3
40,3,3,52,12,1,2,12,7,1,3,0,2
40,5,2,42,12,2,1,3,7,3,2,5,2
35,1,0,30,16,2,1,12,7,4,7,0,5
37,5,0,56,16,2,1,12,7,3,4,0,2
40,1,0,52,16,1,1,12,5,0,2,0,5
40,1,1,30,17,1,1,12,5,1,4,3,5
40,1,0,43,20,2,1,12,5,2,3,2,3
40,1,1,66,16,1,1,12,9,2,1,6,6
80,5,1,36,14,2,2,12,5,0,1,4,1
44,5,1,35,16,2,1,12,5,1,4,3,1
50,1,2,39,16,1,1,12,5,1,1,7,5
37,2,3,52,10,2,1,3,5,0,2,5,1
60,1,0,48,16,2,1,12,5,6,4,2,4
60,1,1,34,18,1,1,12,5,1,4,3,4
50,1,1,51,20,2,1,12,5,0,1,2,6
43,1,0,62,16,2,1,12,5,7,4,2,1
35,5,0,36,13,2,1,11,5,0,2,1,3
60,5,4,43,20,1,1,12,5,1,1,5,3
40,1,4,47,13,1,1,12,5,6,6,5,2
36,5,4,54,14,2,1,12,5,0,4,5,1
60,3,2,54,17,1,1,12,5,5,5,5,2
50,1,2,44,16,2,1,12,5,4,6,7,1
36,1,2,48,13,1,1,12,5,4,4,2,5
80,1,1,33,14,1,1,12,5,7,7,7,1
40,1,2,60,13,1,2,12,6,3,5,7,2
40,5,0,28,14,1,1,12,9,3,4,0,6
50,1,2,41,16,2,1,12,6,2,3,1,5
48,3,2,45,16,2,1,12,6,6,5,7,1
44,1,1,35,16,1,1,12,6,4,5,7,1
50,1,0,32,16,1,1,12,6,5,5,7,2
36,1,2,57,16,1,1,12,6,5,6,8,1
40,1,3,55,17,1,1,12,6,5,5,0,2
45,1,0,35,15,1,1,12,6,5,5,4,2
45,5,0,41,16,2,1,12,6,5,6,6,2
35,5,0,27,15,2,1,12,6,1,4,3,1
37,1,3,61,12,2,1,12,6,0,5,8,1
66,5,6,34,13,1,1,12,6,2,7,5,1
40,1,3,51,13,2,1,12,6,4,7,7,1
40,1,2,38,18,2,1,12,6,5,5,7,2
48,1,5,57,12,1,1,12,6,4,7,0,2
39,2,3,40,11,2,1,12,7,6,3,5,1
45,1,3,30,8,1,2,10,7,0,2,5,3
48,3,3,48,14,1,2,12,7,0,4,4,1
40,5,1,47,13,2,1,9,7,0,4,8,2
40,1,4,42,20,2,1,12,7,1,4,7,2
40,5,3,40,14,2,1,11,7,3,4,6,2
45,1,2,42,16,1,1,12,7,6,6,7,2
58,1,3,48,16,1,1,12,2,1,4,3,1
75,3,0,43,13,1,1,12,5,4,3,1,2
40,1,2,64,20,1,1,12,5,2,4,2,1
60,1,1,37,18,2,1,12,5,5,4,7,1
38,1,5,36,14,2,1,12,8,2,4,0,5
30,5,0,29,13,1,1,12,8,2,3,1,4
40,1,2,39,12,1,1,12,8,4,4,5,2
40,5,0,49,16,2,1,12,8,0,2,6,2
49,5,3,36,13,2,1,12,9,3,4,0,6
40,1,4,39,12,1,1,12,8,2,4,5,1
40,3,0,38,16,2,1,12,8,6,6,0,2
50,1,2,59,14,2,1,12,8,5,5,2,2
50,3,2,40,12,2,1,12,8,1,6,3,2
60,4,2,32,11,1,1,12,8,4,5,0,6
40,5,2,31,9,2,1,12,9,3,6,2,2
40,1,3,49,14,1,1,1,9,1,4,0,1
46,1,5,55,11,1,1,12,9,6,6,0,6
40,3,0,56,12,2,1,12,9,6,6,7,2
50,1,1,56,12,1,1,12,9,5,5,1,2
44,1,8,53,12,1,1,12,9,6,6,7,1
36,5,0,32,17,1,1,10,9,2,2,2,6
32,5,2,51,13,1,1,12,9,1,3,2,3
70,3,3,53,10,1,1,11,9,7,1,3,1
45,5,0,35,16,1,1,12,9,2,3,1,6
50,1,3,34,18,2,1,11,9,1,4,2,4
47,3,1,57,12,2,1,12,9,1,6,8,2
55,1,1,47,17,1,1,12,9,1,4,0,6
70,5,0,41,17,1,1,11,9,2,2,0,6
50,1,0,55,16,1,1,12,9,0,2,2,5
74,1,1,48,13,1,1,12,9,5,6,2,2
36,5,0,30,16,2,1,12,9,1,2,3,3
40,5,0,26,16,2,1,12,3,3,3,1,6
45,2,3,58,11,2,1,9,9,3,4,1,5
50,1,1,53,16,1,1,12,8,3,4,5,1
50,3,1,43,16,2,1,12,8,1,3,6,4
40,5,0,29,16,1,1,12,8,7,4,0,5
48,1,0,38,15,1,1,12,8,7,3,0,5
36,1,2,37,12,2,1,12,8,3,4,0,1
40,5,1,31,15,2,1,12,8,3,4,8,2
41,3,2,31,12,2,1,9,8,3,4,2,1
50,5,1,34,12,2,1,12,8,5,4,0,2
40,1,0,27,16,2,1,12,8,6,6,5,3
48,1,0,34,12,1,1,12,9,3,6,4,4
40,1,2,43,6,2,2,12,9,3,6,7,1
38,5,1,32,13,1,1,12,9,0,3,7,2
40,1,3,55,12,2,1,12,9,5,5,7,1
40,1,3,46,14,1,1,12,9,6,6,2,2
34,3,3,57,13,2,1,12,9,0,2,0,6
40,5,1,32,18,2,1,12,9,1,7,7,4
44,5,1,33,13,1,1,12,9,1,3,0,3
60,3,2,37,14,2,1,12,9,1,5,0,6
40,3,2,63,20,2,1,11,9,1,4,7,1
40,3,0,51,16,2,1,12,9,0,2,0,6
53,3,1,53,20,2,1,12,9,0,4,3,2
40,1,1,39,12,2,1,12,9,1,4,6,1
40,1,4,58,20,1,1,12,2,6,6,3,5
40,1,0,46,14,1,1,12,2,5,4,2,2
50,1,6,65,20,1,1,12,2,4,7,7,1
60,1,2,35,18,1,1,12,2,6,6,4,4
50,1,4,45,13,1,1,12,2,5,3,1,6
35,1,4,59,13,1,1,12,2,4,6,2,6
62,3,6,56,13,2,1,12,2,5,3,2,3
45,4,2,63,17,2,1,12,2,5,6,7,1
50,4,2,45,13,2,1,12,2,4,4,3,2
43,1,1,47,16,1,1,12,2,5,4,0,6
20,1,3,51,12,1,1,12,1,4,6,0,5
28,1,3,65,19,1,1,12,1,4,4,5,3
45,1,3,61,12,1,1,12,1,1,2,1,6
40,3,0,53,13,1,1,12,1,3,3,2,6
40,1,2,36,16,1,1,12,1,4,2,0,6
30,3,0,43,12,1,1,11,2,4,5,2,3
44,3,1,37,13,1,1,12,2,1,4,1,6
55,1,2,47,12,2,1,12,2,0,6,3,1
50,3,1,49,13,1,1,12,2,4,3,2,2
50,1,4,47,16,1,1,12,4,6,6,6,3
60,1,2,34,20,2,1,12,4,3,4,4,5
89,1,0,29,19,2,2,12,4,7,4,8,1
40,5,0,29,16,1,1,12,4,5,5,4,2
50,5,0,30,20,1,1,12,3,2,3,1,3
32,2,1,60,18,1,1,12,4,0,4,0,2
40,5,0,45,11,1,1,12,4,2,4,0,6
40,1,1,55,15,2,1,12,4,4,2,0,3
89,3,1,71,16,2,1,12,4,2,2,0,3
40,1,1,61,20,2,1,12,4,4,4,3,2
40,5,0,27,13,1,1,12,9,1,3,0,6
80,1,4,62,15,1,1,6,4,5,4,3,4
32,1,2,39,16,2,1,12,8,1,4,0,1
62,1,3,43,14,1,1,12,8,1,3,2,5
60,3,0,52,16,2,1,12,8,0,2,0,6
40,1,4,68,12,2,1,12,8,2,4,6,3
40,5,0,34,20,2,1,12,8,5,4,0,6
45,1,1,62,18,1,1,12,8,2,2,0,6
45,3,2,45,13,2,1,12,8,4,3,0,3
42,1,2,51,16,2,1,12,4,3,4,2,2
40,1,6,54,12,2,1,12,4,5,6,7,3
50,1,6,55,8,1,1,12,4,3,4,0,6
40,3,6,60,12,1,1,12,4,5,4,3,4
64,3,2,54,12,2,1,12,4,4,4,2,1
40,3,0,51,16,2,1,12,4,4,6,7,2
5,3,3,52,16,2,1,12,4,1,2,2,2
60,1,5,50,8,1,1,12,4,5,4,7,2
42,1,3,55,16,2,1,12,4,5,6,7,1
35,1,2,54,14,2,1,12,3,4,5,7,1
38,4,2,33,11,2,1,9,3,1,4,0,2
40,1,2,34,16,1,1,12,3,5,5,7,1
50,5,0,23,12,1,1,3,3,2,4,0,6
48,3,3,45,12,1,1,2,3,0,2,0,6
50,3,2,50,17,1,1,12,3,3,6,7,2
40,1,1,61,18,1,1,12,5,5,5,7,1
40,1,4,42,17,1,1,12,3,6,5,7,2
40,3,2,38,12,1,1,12,5,7,4,4,3
68,3,2,41,11,1,1,12,5,1,5,2,5
50,1,3,46,12,1,1,12,5,0,2,5,2
40,5,1,30,14,1,1,12,5,7,4,0,6
46,3,3,40,14,1,1,12,3,3,3,5,4
38,1,1,56,10,1,1,12,5,3,4,8,1
62,5,0,49,12,1,1,10,6,0,2,0,3
40,3,2,44,16,2,1,12,6,5,4,7,2
40,3,0,46,16,1,1,12,6,5,6,2,4
50,1,1,49,12,2,1,12,6,5,4,7,1
40,1,3,41,14,1,1,12,6,4,6,3,1
50,1,3,50,16,1,1,12,5,5,5,2,2
40,1,3,58,13,2,1,12,5,2,2,2,5
48,1,1,50,18,2,1,12,5,5,4,0,3
40,1,3,61,16,2,1,12,7,2,5,8,1
50,1,2,45,16,1,1,12,7,4,5,8,1
40,1,2,62,12,2,1,12,7,1,4,7,1
35,1,2,38,13,2,1,12,7,5,6,6,3
45,1,2,53,12,1,1,12,7,5,6,6,1
80,3,0,60,18,2,1,11,9,1,4,5,1
35,2,2,62,12,2,1,12,7,0,4,1,2
40,5,2,29,13,2,1,12,7,1,4,2,2
40,4,0,24,12,2,1,10,7,1,4,8,1
40,1,2,51,12,2,1,10,7,0,6,7,1
40,5,3,26,10,1,1,12,7,2,3,7,1
40,1,0,40,12,2,1,12,5,5,4,8,1
60,1,3,54,12,1,1,12,5,3,6,1,3
40,1,2,36,9,1,1,12,5,5,4,0,3
40,5,0,49,13,2,2,12,5,3,4,5,1
40,5,3,57,12,1,1,4,5,0,7,3,1
36,5,5,58,13,2,1,12,5,1,5,8,1
38,1,8,39,7,1,1,11,7,3,7,5,2
48,5,0,30,12,2,1,12,7,1,5,7,1
50,5,1,31,18,1,1,12,7,1,4,3,2
43,3,3,57,14,2,1,12,5,2,4,3,1
58,5,0,23,12,1,2,12,5,4,1,6,2
40,5,0,26,12,2,1,12,5,6,2,0,5
27,2,2,65,12,2,1,11,5,0,4,5,1
50,1,2,63,14,1,1,12,5,1,6,3,2
48,1,0,52,12,1,1,6,5,0,3,3,1
40,5,3,45,12,1,1,11,5,1,2,0,2
50,5,0,42,13,1,1,12,7,3,5,0,5
40,1,0,31,20,2,1,12,7,1,3,7,1
65,1,4,64,18,1,1,12,7,0,6,7,1
40,5,3,39,14,2,1,12,7,1,4,0,2
36,1,0,53,14,1,1,12,7,3,4,8,2
50,3,1,71,9,1,1,12,6,1,4,7,2
40,3,6,55,13,2,1,11,6,3,6,2,2
50,3,3,36,13,1,1,12,6,4,5,3,4
45,1,2,55,12,1,1,12,6,0,4,1,6
40,1,3,32,12,2,1,12,6,1,4,0,1
60,1,2,57,14,1,1,12,7,6,7,7,1
35,1,5,62,12,2,1,12,7,5,4,2,2
45,1,2,33,16,2,1,10,7,6,6,6,1
40,1,3,47,12,2,1,12,7,5,5,3,2
40,1,0,29,16,2,1,12,5,7,3,7,6
40,3,2,56,16,2,1,12,5,1,2,0,5
80,3,0,25,16,2,2,12,7,4,5,1,2
40,1,0,35,18,2,2,12,9,3,3,0,3
30,3,1,67,18,1,1,9,8,2,4,2,2
47,1,3,34,9,1,2,12,8,4,6,8,1
40,3,2,66,13,2,1,10,8,5,4,8,1
50,3,1,47,18,2,1,12,9,2,2,2,3
50,1,3,40,10,1,1,12,9,1,4,0,6
40,5,1,38,10,1,1,12,9,4,2,0,6
50,1,2,52,13,2,1,12,9,5,5,2,3
